,x1,x2,y
0,-0.20714170777431132,1.0509937888999856,0.34727321973650555
1,-0.09188637231949037,0.15673371079690998,0.007288320622424051
2,0.07347997855047012,0.9847523016330911,0.5361537192443286
3,-0.09689747386100432,-1.8636316508433721,-0.5152810613492198
4,0.37514829134961014,0.9516315579996439,0.8698426017081494
5,0.3606160968792197,0.7197863525655132,-0.47750496144765514
6,-0.04337890939763529,1.084114532533433,1.587588499837877
7,-0.013512744210212127,0.05737147989656824,0.2402409366820725
8,-0.44065903960886155,-1.3336997527082162,-0.6424605976844873
9,-0.31037039952949874,-1.0687338036406382,-0.7923057939606936
10,0.06846887700895615,-0.20759446917100974,-0.6474974110046959
11,0.1410296273300782,1.1172352761668802,2.0660857652576956
12,0.24566142751688957,-0.3069567000713515,-0.46491292814713364
13,0.013547204113963223,1.1503560198003273,1.2413075840735348
14,0.040406708376478015,-0.373198187338246,-0.3012164952403536
15,-0.44065903960886155,-1.3999412399751108,-0.616017327753392
16,0.0725779802729976,-0.04199075100377351,-0.4019527616445259
17,0.027478066399372017,-0.14135298190411524,-1.1448827263752968
18,0.31852284393050245,1.084114532533433,-0.27603242863931055
19,-0.2963393152132597,-0.4394396746051405,-0.5278730946497413
20,0.37063829996224756,1.1172352761668802,1.8180227092374213
21,-0.30746396063542064,-1.3668204963416635,-0.5228362813295326
22,-0.07765484394159074,1.0178730452665383,0.6180019356977187
23,-0.6306800100630707,0.15673371079690998,-0.6424605976844873
24,-0.22758700206368823,-0.108232238270668,-0.33899259514191826
25,0.3721416304247018,1.1834767634337746,0.949172411501435
26,-0.33241924631216013,-0.6712848800392712,-0.5807596345119318
27,0.09633060157977374,1.1834767634337746,1.5749964665373555
28,0.5817058968908153,-0.47256041823858774,0.33468118643598405
29,-0.42021374531948463,-1.4661827272420052,-1.4156114423365098
30,-0.20213060623279736,-1.6980279326761358,-1.7744843914013735
31,-0.19772083687626507,-0.1744737255375625,-0.3975455499893434
32,0.05333535035358402,1.1834767634337746,-0.01285893265841041
33,0.0035250010309353158,-0.40631893097169325,-0.19418421218592055
34,-0.32109415682833864,1.1172352761668802,1.2161235174724916
35,0.2907613413905151,1.084114532533433,1.61277256643892
36,0.034293164495830995,0.7529070961989605,-0.4523208948466121
37,-0.19892350124622843,-0.5719226491389294,-0.35158462844243976
38,-0.26005894005269864,-0.6050433927723767,-0.9056340936653874
39,-0.4486768020752839,-0.5388019055054822,-1.245618992779469
40,-0.18629552536161326,-0.20759446917100974,-0.263440395338789
41,0.6402355628956983,-0.40631893097169325,-0.13752006233357364
42,-0.13397962526820759,0.38857891623104074,-0.46491292814713364
43,-0.131975184651602,0.12361296716346273,-0.6380533860293047
44,-0.25775383334360225,-0.40631893097169325,-0.5026890280486982
45,-0.28651755619189234,1.1172352761668802,1.7500257294146049
46,0.23102901101566883,1.0509937888999856,0.7399683702465703
47,0.058045785802607136,1.1503560198003273,0.8660649917179929
48,-0.6074284989104459,-1.6980279326761358,-0.8552659604633013
49,-0.2780989056021489,-0.1744737255375625,-0.6789774942559997
50,0.335961477294971,0.8522693270993021,-0.04937582922992287
51,-0.4286323959092281,-1.2343375218078745,-0.836377910512519
52,-0.20493682309604516,-0.27383595643790426,-0.8930420603648659
53,3.98424384357879,0.32233742896414624,2.569767097278557
54,-0.33903390034695857,-0.5388019055054822,-0.6412013943544351
55,-0.0342587045920799,-0.24071521280445698,-0.005303712678097487
56,-0.7889305967440814,0.9185108143661966,-0.1060399790822698
57,0.11306768072843035,1.084114532533433,0.1961688201302471
58,0.31721995752970883,1.1503560198003273,3.246966648180605
59,-0.33241924631216013,0.02425073626312099,-0.705420764187095
60,0.2560845187232386,1.084114532533433,-0.2886244619398321
61,-0.33241924631216013,-1.6980279326761358,-1.0063703600695597
62,-0.4083875456815117,1.1503560198003273,0.27172101993337633
63,-0.02173095073829501,-1.6649071890426888,-0.5152810613492198
64,-0.11443632925630316,0.8522693270993021,0.4857855860422425
65,-0.09278837059696288,1.084114532533433,1.7135088328430925
66,0.9404005452323841,-0.04199075100377351,-0.011599729328358257
67,0.014850090514756852,1.0509937888999856,0.5676338024956324
68,-0.5921947502242435,-0.8700093418399547,-1.270803059380512
69,0.5087442584463722,-0.6050433927723767,0.555041769195111
70,0.3141130745739702,0.05737147989656824,0.7942904019050202
71,-0.2924306560108788,0.3554581725975935,-0.6474974110046959
72,-0.037666253640309386,0.8853900707327494,0.051360437174249436
73,-0.03175315382132292,-0.5719226491389294,-0.4535800981766642
74,-0.47373230978285363,-1.8636316508433721,-0.9257813469462219
75,-0.8940635070850441,0.05737147989656824,-1.1322906930747751
76,-0.20463615700355434,-0.5056811618720349,-0.5687972028764363
77,-0.18860063207070968,-0.7706471109396129,-0.6789774942559997
78,0.026175179998578386,-0.108232238270668,-0.5593531779010451
79,-0.007699866422055941,-2.029235369010608,-0.8930420603648659
80,0.2488685325034585,-0.108232238270668,0.1583927202286825
81,-0.6030187295539137,0.8853900707327494,-0.345288611792179
82,-0.031151821636341247,1.1834767634337746,0.8068824352055417
83,-0.16284357014732795,-0.373198187338246,-0.6852735109062605
84,-0.199123945307889,0.7860278398324076,-0.15640811228435594
85,0.5554477248132822,0.6535448652986187,0.9957629347133647
86,0.13972674092928458,1.1172352761668802,-0.08715192913148748
87,-0.6580406244797369,1.2497182507006692,-0.20677624548644208
88,-0.20513726715770572,-1.8636316508433721,-1.2078428928779044
89,-0.24522607948981737,0.7529070961989605,-0.721790407477773
90,-0.33241924631216013,-0.7044056236727184,-0.894301263694918
91,-0.20213060623279736,-0.34007744370479875,-1.0365912399908115
92,0.284948463602359,-1.6649071890426888,-0.21936827878696363
93,-0.33241924631216013,-2.029235369010608,-0.5920924644824012
94,-0.11824476642785377,0.8522693270993021,0.3000530948595498
95,-0.07534973723249432,0.7197863525655132,0.051360437174249436
96,-0.02533894384818506,0.9185108143661966,0.416529402889374
97,0.040506930407308295,-0.20759446917100974,-1.0850705681978194
98,0.010841209281545689,-1.6980279326761358,-1.2330269594789474
99,-0.11994854095196851,-0.40631893097169325,-0.6544230293199828
100,0.008636324603279549,0.18985445443035723,0.3032011031846802
101,-0.1313738524666203,0.45482040349793523,-0.036783795929401335
102,-0.3506596559232709,0.25609594169725175,-0.7801670738589909
103,-0.011508303593606545,1.2497182507006692,0.2263897000514988
104,-0.2764953531088644,-1.3336997527082162,-0.1438160789838344
105,-0.11443632925630316,1.0509937888999856,0.8698426017081494
106,0.02838006467684453,-2.8572539598467896,-1.0189623933700813
107,-0.45268568330849507,-0.7706471109396129,-0.8300818938622582
108,-0.20213060623279736,-1.7311486763095831,-0.8300818938622582
109,0.12369121599643992,0.18985445443035723,0.11432060367685712
110,-0.0994030246317613,-0.5719226491389294,-0.5543163645808366
111,-0.27729712935550666,0.9516315579996439,-0.011599729328358257
112,-0.0553053310664385,1.1834767634337746,2.5567973029790196
113,1.0506447791456912,-0.6050433927723767,0.4543055027909386
114,-0.32650614649317367,-0.8700093418399547,0.989466918063104
115,-0.730300708708368,0.9185108143661966,-0.06196786253044441
116,0.11016124183435226,-0.3069567000713515,-0.5278730946497413
117,-0.1985226131229073,1.1503560198003273,-0.3264005618413967
118,0.18632998526536435,0.6204241216651715,1.7512849327446571
119,-0.20603926543517823,1.1172352761668802,-0.21319818246970806
120,1.0960453591118076,-0.07511149463722075,-0.011599729328358257
121,-0.4466723614586783,-1.0687338036406382,-1.0189623933700813
122,-0.10551656851240832,-0.4394396746051405,-0.5656491945513059
123,-0.263065600977607,0.7197863525655132,-0.3402517984719704
124,0.6540662031502769,0.25609594169725175,0.0009923039721632817
125,-0.3745124992608774,-1.2012167781744272,-1.2141389095281652
126,-0.5601237003585542,0.15673371079690998,-0.6663854609554782
127,-0.6142435970069049,-1.3668204963416635,-1.1826588262768614
128,-0.2933326542883513,-0.1744737255375625,-0.3264005618413967
129,-0.15472558565007535,-0.4394396746051405,-0.38936072834400437
130,0.3691349694997934,-0.1744737255375625,0.5676338024956324
131,0.17109623657916193,0.9516315579996439,0.7942904019050202
132,-0.3135775045160677,-0.40631893097169325,-0.3799167033686132
133,-0.367196291010267,0.9847523016330911,0.49208160269250323
134,-0.018223179659235245,-0.108232238270668,-0.011599729328358257
135,-0.011708747655267105,-0.04199075100377351,-0.08715192913148748
136,-0.016218739042629663,-0.14135298190411524,-0.47750496144765514
137,0.055440013001019875,0.554182634398277,-0.1249280290330521
138,-0.1454049367828594,0.9185108143661966,0.6180019356977187
139,0.49200717929771554,0.8522693270993021,0.636889985648501
140,-0.0016865445722391962,-0.008870007370326258,-0.8300818938622582
141,0.11306768072843035,1.1172352761668802,0.9957629347133647
142,-0.20012616561619176,-0.6381641364058239,-0.18788819553565977
143,-0.018223179659235245,0.9185108143661966,0.29060906988415863
144,-0.14199738773462992,-0.27383595643790426,-0.7041615608570428
145,-0.8012579065362057,1.084114532533433,-0.6412013943544351
146,-0.44065903960886155,-1.3336997527082162,-0.9560022268674736
147,-0.10140746524836688,0.9847523016330911,0.5235616859438071
148,-0.3023526370630764,1.084114532533433,-0.5026890280486982
149,-0.4286323959092281,-1.1680960345409799,-0.8300818938622582
150,-0.016118517011799383,0.12361296716346273,-0.7419376607586075
151,0.3381663619732372,1.1834767634337746,2.411132661758587
152,0.4295688540904517,-0.008870007370326258,0.11432060367685712
153,0.29897954791859804,-0.373198187338246,0.6809621022003263
154,0.08249996132519523,-1.5986657017757941,-0.7041615608570428
155,-0.09188637231949037,-1.5655449581423468,-1.2833950926810336
156,-0.33241924631216013,-0.7044056236727184,-0.8993380770151267
157,0.14894716776567027,1.2497182507006692,1.1153872510683194
158,0.20396906269149348,1.084114532533433,0.9315435648807049
159,0.8880846451389784,1.1172352761668802,1.7512849327446571
160,0.06045111454253383,0.421699659864488,-0.23196031208748516
161,0.3178212897146905,1.0509937888999856,2.916048013042899
162,0.1668869112842902,1.1172352761668802,0.49208160269250323
163,-0.5027966987236346,-0.5056811618720349,-0.9786678868084123
164,-0.5128189018066625,-1.4993034708754525,-0.3641766617429613
165,-0.04117402471936915,-1.0356130600071909,-0.672681477605739
166,0.019159637840458852,-0.5388019055054822,0.11432060367685712
167,0.004527221339238107,1.1834767634337746,1.8221025280267902
168,-0.2277874461253488,1.084114532533433,0.032472387223467125
169,0.6165831636197524,0.32233742896414624,0.5928178690966756
170,0.18452598871041934,-1.0024923163737438,-0.6600894443052174
171,2.130036051187797,-0.373198187338246,0.42912143618989557
172,-0.5222397727047087,0.5210618907648297,0.7313302354024125
173,-0.03205381991381376,-0.34007744370479875,-0.2256642954372244
174,0.1903388664985755,0.4879411471313825,0.038768403873727895
175,0.21028305063380107,-0.7044056236727184,0.7816983686044986
176,-0.04889112109330064,0.554182634398277,0.3787533029878094
177,0.3140128525431399,-0.4394396746051405,-0.1060399790822698
178,0.6921505748657829,1.216597507067222,4.040982492011592
179,-0.20012616561619176,-1.5986657017757941,-1.0189623933700813
180,-0.8418478290224687,0.9516315579996439,-0.04937582922992287
181,-0.29353309835001185,-1.6980279326761358,0.24150014001212466
182,-0.14600626896784108,-0.47256041823858774,-0.7671217273596506
183,0.09111905597659924,1.0509937888999856,0.2402409366820725
184,-0.30856640297455373,-2.095476856277503,-0.6789774942559997
185,1.2460777392647353,-2.6254087544126588,3.7030500943254956
186,-0.05710932762138353,0.6204241216651715,-0.09974396243200902
187,-0.010706527346964314,-1.8305109072099248,-0.5782412278518274
188,-0.3506596559232709,0.25609594169725175,-0.34734111322016403
189,-0.5606248105127056,0.9847523016330911,1.3231558005269248
190,0.005328997585880339,-1.3005790090747689,1.6883247662420493
191,-0.30515885392632425,0.02425073626312099,0.038768403873727895
192,-0.15031581629354307,0.9185108143661966,0.1395046702779002
193,-0.8012579065362057,1.084114532533433,-0.6412013943544351
194,-0.33442368692876573,0.02425073626312099,-0.6789774942559997
195,-0.8255116379971332,0.15673371079690998,-0.4082487782947867
196,-0.11032722599226172,1.1834767634337746,1.648936886078018
197,1.4935259333846944,-1.7642694199430304,0.6809621022003263
198,-0.500792258107029,-1.9629938817437138,-0.9685942601679951
199,-0.09278837059696288,1.084114532533433,1.1833842308911358
200,-0.1975203928146045,1.0509937888999856,-0.5152810613492198
201,-0.03926980613359385,0.18985445443035723,-0.11863201238279132
202,-0.352463652478216,-1.5655449581423468,-0.8678579937638228
203,-0.6092324954653909,1.084114532533433,-0.4019527616445259
204,-0.7032407603841927,-0.8037678545730602,-0.8930420603648659
205,0.13371341907946785,0.6204241216651715,-0.005303712678097487
206,0.3163179592522363,-0.3069567000713515,-0.4661721314771858
207,0.198055962872507,-0.373198187338246,-0.5026890280486982
208,0.3855713825559592,0.554182634398277,1.209827500822231
209,-0.2271861139403671,-0.24071521280445698,-0.4523208948466121
210,-0.49237360751728554,-1.5324242145088998,-1.0441464599711243
211,-0.009704307038661522,1.2497182507006692,0.06395247047477097
212,-0.1880995219165583,1.2497182507006692,0.903564066886946
213,0.305794646015057,0.7860278398324076,-0.31380852854087515
214,0.03840226775987243,0.18985445443035723,-0.2414043370628763
215,-0.05069511764824566,-0.47256041823858774,-0.5851668461671143
216,-0.20714170777431132,1.084114532533433,0.3661612696872879
217,-0.06121843088542497,-1.5324242145088998,-0.9308181602664305
218,0.5154591345120009,-1.0687338036406382,1.6442526496902239
219,-0.7523495554910294,1.1172352761668802,-0.17227407424301308
220,-0.1530218111259606,1.1503560198003273,0.30194189985462805
221,-0.24542652355147793,1.0178730452665383,0.2402409366820725
222,0.0960299354872829,0.12361296716346273,-0.01285893265841041
223,-0.0016865445722391962,-0.008870007370326258,-1.056738493271646
224,0.2961733310553502,1.0509937888999856,2.585507138904209
225,-0.8856448564953007,-0.008870007370326258,-0.8678579937638228
226,-0.05680866152889269,0.7860278398324076,1.3735239337290108
227,-0.866702892668378,-0.04199075100377351,-0.9434101935669521
228,-0.2000259435853615,-0.14135298190411524,-0.7041615608570428
229,-0.7351113661882215,1.1172352761668802,0.14580068692816098
230,-0.1760728782169248,-0.40631893097169325,-0.4145447949450475
231,0.4631432344185952,0.7860278398324076,2.7964236966879445
232,-0.8856448564953007,0.02425073626312099,-1.0882185765229497
233,0.013346760052302665,0.15673371079690998,-0.663867054295374
234,-0.26717470424164846,1.0178730452665383,0.44800948614067787
235,-0.8856448564953007,-0.008870007370326258,-1.1511787430255573
236,-0.17476999181613118,1.084114532533433,0.0576564538245102
237,-0.1066190108515414,0.7197863525655132,0.17098475352920403
238,0.15165316259808778,1.1834767634337746,1.726100866143614
239,-0.1779770968027001,-0.8700093418399547,-0.8552659604633013
240,-0.1520195908176578,1.216597507067222,1.0272430179646685
241,-0.6651563886686866,-0.8700093418399547,-0.8867460437146051
242,-0.5529077141387742,-2.3604428053450808,-1.2833950926810336
243,0.024571627505293923,0.289216685330699,-0.7671217273596506
244,-0.1640462345172913,0.7529070961989605,0.3032011031846802
245,-0.011708747655267105,0.554182634398277,0.7628103186537163
246,-0.1377880624397582,-2.029235369010608,-0.5530571612507844
247,0.07949330040028686,-0.5719226491389294,-0.5152810613492198
248,0.0801948546160988,1.0509937888999856,-0.011599729328358257
249,14.881285033724204,-0.4394396746051405,1.209827500822231
250,-0.5178300033481764,-1.0356130600071909,-1.3148751759323374
251,-0.5779632218463439,1.1503560198003273,0.6809621022003263
252,-0.21556035836405474,1.084114532533433,-0.09974396243200902
253,-0.11694188002706013,-0.24071521280445698,-0.2886244619398321
254,-0.21215280931582525,-0.47256041823858774,-0.4523208948466121
255,-0.17827776289519093,0.9185108143661966,0.6180019356977187
256,-0.17296599526118614,1.0509937888999856,0.33468118643598405
257,-0.17066088855208972,1.1503560198003273,0.49208160269250323
258,0.1922430850843508,0.9847523016330911,0.636889985648501
259,0.21900236731603534,-0.5056811618720349,-1.056738493271646
260,0.8798664386108955,-0.3069567000713515,-0.06196786253044441
261,-0.09308903668945372,1.1834767634337746,1.1972354675217094
262,-0.20503704512687546,0.18985445443035723,-0.37676869504348287
263,-0.5027966987236346,-1.3999412399751108,-0.6412013943544351
264,-0.5296562029861493,-1.5324242145088998,-1.3589472924841628
265,0.15766648444790454,0.32233742896414624,-0.06826387918070517
266,0.06917043122476811,0.8522693270993021,0.051360437174249436
267,-0.21215280931582525,-1.0687338036406382,-0.017895745978619024
268,-0.36248585556124385,-1.0356130600071909,-0.7608257107093898
269,-0.2605600502068501,0.15673371079690998,-0.4145447949450475
270,0.021164078457064434,1.1503560198003273,1.071315134516494
271,2.8650644252970636,-0.5719226491389294,0.7628103186537163
272,0.12499410239723356,0.9185108143661966,1.3735239337290108
273,-0.09188637231949037,-0.4394396746051405,-0.5278730946497413
274,-0.22077190396722926,0.3554581725975935,-0.7104575775073037
275,-0.3260050363390223,-1.5324242145088998,0.3032011031846802
276,-0.1323760727749231,1.0509937888999856,0.252832969982594
277,0.8640313577397115,-0.6712848800392712,-0.5026890280486982
278,0.39419047720736317,1.1503560198003273,2.9512805222177585
279,-0.05129644983322734,0.18985445443035723,0.1395046702779002
280,0.07718819369119044,0.5873033780317242,0.5991138857469364
281,-0.33241924631216013,1.1503560198003273,0.051360437174249436
282,-0.5465937261964665,1.1834767634337746,0.33468118643598405
283,-0.09068370794952701,1.216597507067222,0.801845621885333
284,-0.25103895727797354,0.686665608932066,-0.021673355968775485
285,-0.6279740152306531,1.1503560198003273,-0.20425783882633777
286,-0.07324507458505845,-0.3069567000713515,-0.27603242863931055
287,-0.23971386779415202,-0.008870007370326258,-1.1700667929763398
288,-0.06993774756765925,-0.14135298190411524,-0.7419376607586075
289,-0.17907953914183317,-1.8636316508433721,-0.3443442092946399
290,0.5105482550013172,1.1503560198003273,0.6586742032584032
291,-0.4840551789583724,-1.9629938817437138,-0.566908397881358
292,0.08941528145248448,-0.7375263673061657,-0.6286093610539136
293,0.6155809433114496,0.18985445443035723,0.6809621022003263
294,-0.09188637231949037,-0.6050433927723767,-0.17529616223513825
295,-0.2585556095902445,0.421699659864488,-0.48380097809791595
296,0.32002617439295666,-0.7044056236727184,-0.3641766617429613
297,-0.3124750621769346,0.8522693270993021,0.7313302354024125
298,0.1185798924240957,-0.108232238270668,-0.07455989583096595
299,0.34909056333373756,-0.7044056236727184,-0.2823284452895713
300,0.5244791172867259,-0.6050433927723767,-0.3012164952403536
301,0.5721848039619388,0.8853900707327494,1.0839071678170156
302,0.31942484220797496,0.9847523016330911,0.3032011031846802
303,-0.07184196615343455,0.02425073626312099,-0.39061993167405656
304,0.7886643905553417,-3.022857678014026,1.4364841002316187
305,-0.013111856086891012,1.084114532533433,1.5737372632073034
306,0.2963737751170108,0.6204241216651715,0.555041769195111
307,-0.2602593841143592,-1.6980279326761358,-1.1511787430255573
308,0.18292243621713486,-1.0356130600071909,-1.2393229761292082
309,0.1865304293270249,1.0509937888999856,2.2549662647655184
310,-0.2838115613594748,0.7197863525655132,-0.1929250088558684
311,-0.2522416216479369,-0.7706471109396129,-0.616017327753392
312,-0.2722860278139927,-1.0687338036406382,-0.7683809306897027
313,20.51827315777325,-0.20759446917100974,2.4438467642733417
314,-0.09188637231949037,-1.5324242145088998,-0.036783795929401335
315,-0.2727871379681441,1.084114532533433,0.09543255372607481
316,0.24936964265760989,0.289216685330699,0.9957629347133647
317,-0.1520195908176578,1.1503560198003273,1.1216832677185802
318,-0.061819763070406646,0.7197863525655132,0.9957629347133647
319,0.3606160968792197,0.289216685330699,0.08284052042555327
320,0.575492130979338,1.1503560198003273,2.036406342768366
321,0.15856848272537705,1.084114532533433,2.179414064962389
322,-0.013713188271872685,0.4879411471313825,1.5120363000347479
323,-0.47072564885794527,-0.5388019055054822,-0.6893659217289301
324,0.07598552932122708,-0.14135298190411524,0.7691063353039771
325,-0.5529077141387742,-1.0024923163737438,-1.1826588262768614
326,0.032990278095037365,0.7197863525655132,1.8016530659467431
327,0.10855768934106778,-0.373198187338246,-0.4491728865214817
328,0.13742163422018816,-1.8305109072099248,0.4228254195396348
329,-0.41239642691472284,-1.6980279326761358,-1.2959871259815552
330,0.010740987250715409,-0.24071521280445698,-0.7797137606601721
331,-0.23460254422180776,-0.4394396746051405,-0.5278730946497413
332,0.01384787020645406,1.0509937888999856,1.2979717339258816
333,-0.23239765954354163,1.084114532533433,0.32838516978572324
334,-0.1478102655227861,0.8853900707327494,0.1395046702779002
335,15.448541728223583,-0.20759446917100974,0.604780300732171
336,0.3648254221740914,1.1172352761668802,2.4743950370604066
337,-0.13848961665557014,1.0178730452665383,0.416529402889374
338,0.36362275780412806,0.421699659864488,0.27172101993337633
339,0.18873531400529106,-0.4394396746051405,-0.3264005618413967
340,0.3682329712223209,1.0178730452665383,0.27675783325358494
341,-0.21215280931582525,-0.7044056236727184,-1.245618992779469
342,-0.19772083687626507,-0.7375263673061657,-1.1763628096266006
343,-0.16715311747302997,1.1172352761668802,1.071315134516494
344,-0.7942423643780862,0.15673371079690998,-1.2078428928779044
345,-0.40908909989732367,-1.0687338036406382,-0.5127626546891154
346,0.22601790947415487,-0.373198187338246,-0.37047267839322207
347,0.7098898743227423,-0.373198187338246,-0.29492047859009285
348,-0.8086743368176463,1.0509937888999856,-0.33899259514191826
349,0.9936184436032623,1.1172352761668802,3.2264920020339574
350,-0.27028158719738715,1.1834767634337746,1.7268689801749457
351,-0.5257475437837685,0.4879411471313825,0.11432060367685712
352,-0.14360094022791436,-1.0024923163737438,-1.081922559872689
353,-0.20012616561619176,-1.4330619836085579,-0.9446693968970042
354,-0.21215280931582525,-1.0356130600071909,-0.5152810613492198
355,0.07337975651963984,0.7860278398324076,-0.0430798125796621
356,-0.12716452717174861,0.686665608932066,-0.09974396243200902
357,-0.6306800100630707,0.15673371079690998,-0.590833261152349
358,-0.3594791946363355,-0.4394396746051405,-0.6412013943544351
359,0.14974894401231248,0.8853900707327494,1.2476036007237956
360,-0.2983437558298653,0.22297519806380448,-0.31380852854087515
361,-0.13758761837809763,-1.0356130600071909,-0.4523208948466121
362,-0.32229682119830194,1.0509937888999856,0.2213528867312902
363,-0.8856448564953007,0.02425073626312099,-0.7923057939606936
364,0.8301563113190772,0.15673371079690998,0.11432060367685712
365,0.01735564128551383,-1.6980279326761358,-0.427136828245569
366,-0.10190857540251827,-0.27383595643790426,-0.27603242863931055
367,-0.13698628619311595,-0.3069567000713515,-0.20048022883618133
368,-0.2722860278139927,-0.5719226491389294,-0.616017327753392
369,-0.06883530522852618,-0.40631893097169325,-0.23825632873774594
370,-0.2401147559174731,0.9516315579996439,-0.10729918241232195
371,0.6617832995242083,-0.40631893097169325,-0.5853935027665237
372,-0.3349247970829171,0.421699659864488,-0.7041615608570428
373,0.0117432075590182,-0.6050433927723767,-0.729345627458086
374,-0.23219721548188108,1.0509937888999856,0.4857855860422425
375,-0.04979311937077315,-1.6317864454092414,-1.5100516920904212
376,-0.1674537835655208,0.819148583465855,-0.4145447949450475
377,0.06275622125163025,1.084114532533433,2.003125598755088
378,0.0879119509900303,1.2828389943341165,2.688535155369076
379,-0.23991431185581255,0.9516315579996439,-0.024191762628879794
380,-0.5529077141387742,-1.5655449581423468,-0.6789774942559997
381,-0.33241924631216013,1.1503560198003273,0.08598852875068366
382,-0.12746519326423944,1.1503560198003273,0.41023338623911326
383,-0.1520195908176578,-1.4330619836085579,-1.3211711925825982
384,4.268473523013462,0.686665608932066,0.743922268702934
385,-0.7351113661882215,1.084114532533433,0.1395046702779002
386,-0.21115058900752248,-2.029235369010608,-1.2582110260799906
387,-0.33241924631216013,0.15673371079690998,-0.7041615608570428
388,-0.1137347750404912,0.9185108143661966,0.12691263697737865
389,0.1961517442867317,1.1834767634337746,3.0860404625999402
390,-0.21165169916167387,-2.3604428053450808,-0.7797137606601721
391,0.16959290611670774,0.9847523016330911,0.42912143618989557
392,-0.21826635319647228,-0.40631893097169325,-0.9371141769166913
393,-0.3077646267279115,-1.0024923163737438,-1.0189623933700813
394,-0.03836780785612134,-1.0356130600071909,-0.9056340936653874
395,-0.09479281121356846,-0.5056811618720349,-0.6537934276549566
396,-0.33241924631216013,0.02425073626312099,-0.729345627458086
397,-0.2933326542883513,-0.3069567000713515,-0.1438160789838344
398,-0.15532691783505703,-1.6980279326761358,-1.434499492287292
399,-0.23971386779415202,1.1503560198003273,0.7565143020034556
400,0.4456043790232963,0.819148583465855,0.8131784518558025
401,-0.17537132400111283,1.1172352761668802,-0.20060614916918654
402,-0.03175315382132292,-1.0356130600071909,-0.918226126965909
403,0.15766648444790454,0.8853900707327494,0.9705788681123216
404,-0.01531674076515715,0.7860278398324076,-0.16270412893461672
405,-0.052699558264851246,0.15673371079690998,-0.38936072834400437
406,-0.003690985188844778,-1.1680960345409799,-0.8300818938622582
407,0.5070404839222574,-1.8636316508433721,-0.04937582922992287
408,0.36452475608160056,1.1503560198003273,1.2476036007237956
409,0.02838006467684453,1.1834767634337746,1.9999775904299575
410,-0.09479281121356846,-0.4394396746051405,-1.5226437253909428
411,2.4186754999790008,-0.5388019055054822,-0.4523208948466121
412,-0.6127402665444507,1.2497182507006692,0.5172656692935463
413,-0.15602847205086898,-1.4661827272420052,-0.8300818938622582
414,0.07127509387220397,0.7197863525655132,0.5928178690966756
415,-0.162142015931516,1.1834767634337746,0.002679636434433168
416,-0.26787625845746044,0.22297519806380448,-0.3956567449942652
417,1.1929600629246875,-1.7642694199430304,0.7313302354024125
418,-0.23620609671509224,-1.0356130600071909,-0.6915695275565213
419,-0.20714170777431132,-0.108232238270668,-0.4900969947481767
420,-0.34645033062839925,0.8522693270993021,0.3195707464753582
421,0.6131756145715229,0.18985445443035723,0.42912143618989557
422,1.1258113022684004,-0.5719226491389294,-0.8552659604633013
423,-0.131975184651602,0.8853900707327494,1.6883247662420493
424,-0.1520195908176578,-0.5056811618720349,-0.5278730946497413
425,-0.7154678481454868,-0.8368885982065074,-0.5782412278518274
426,0.22882412633740268,0.5873033780317242,1.1846434342211878
427,-0.1928099573655814,-0.47256041823858774,-0.9055333573989832
428,-0.3763164958158224,1.1834767634337746,0.18231758349967342
429,0.09422593893233788,0.554182634398277,-0.07455989583096595
430,-0.8856448564953007,-0.008870007370326258,-1.2028060795576958
431,-0.4941776040722306,-1.6980279326761358,-1.2720622627105642
432,-0.8615915690960337,-0.008870007370326258,-0.7356416441083466
433,0.03228872387922541,0.8522693270993021,0.0009923039721632817
434,-0.864598230020942,0.02425073626312099,-1.2582110260799906
435,0.01505053457641741,0.819148583465855,0.39134533628833096
436,-0.6130409326369416,-1.6980279326761358,-0.8174898605617367
437,-0.45268568330849507,-1.4993034708754525,-0.7797137606601721
438,-0.6250675763365751,-1.9298731381102667,-1.1404755147201142
439,0.18412510058709822,-1.6980279326761358,-0.8930420603648659
440,0.4925082894518669,1.216597507067222,4.710412758367219
441,0.15947048100284955,-0.5388019055054822,-0.7923057939606936
442,-0.4286323959092281,-1.3668204963416635,-0.22692349876727655
443,-0.6609470633738149,1.1503560198003273,-0.1060399790822698
444,-0.17707509852522757,0.7529070961989605,0.3661612696872879
445,-0.0663297544577692,-0.5056811618720349,-0.672681477605739
446,0.598843864162793,-0.1744737255375625,0.11432060367685712
447,0.06987198544058007,0.8853900707327494,0.23898173335202036
448,-0.19210840314976946,-1.1349752909075328,-0.7734177440099113
449,-0.45268568330849507,-0.7706471109396129,-0.7671217273596506
450,-0.4843558450508632,-1.3668204963416635,-0.8930420603648659
451,6.037793255291208,0.12361296716346273,1.2476036007237956
452,-0.12165231547608325,0.819148583465855,0.29060906988415863
453,-0.1520195908176578,1.216597507067222,0.3661612696872879
454,-0.12225364766106493,0.15673371079690998,0.08913653707581405
455,-0.09188637231949037,0.05737147989656824,-0.06826387918070517
456,-0.5959029653649639,-1.8305109072099248,-1.0441464599711243
457,4.280500166713095,-0.5719226491389294,0.9453948015112786
458,-0.5428855110557462,-1.5324242145088998,-0.2508483620382675
459,-0.35096032201576177,-0.7044056236727184,-0.8930420603648659
460,-0.2518407335246158,1.2497182507006692,1.0390165691006563
461,-0.33241924631216013,-1.1680960345409799,-0.3264005618413967
462,-0.22407923098462848,-0.20759446917100974,-1.4926369100358
463,0.14744383730321609,-1.2343375218078745,0.09795096038617912
464,-0.2091461483909169,0.22297519806380448,-0.7167535941575643
465,-0.7461357895795522,1.084114532533433,-0.027465691287015395
466,0.011141875374036526,-0.04199075100377351,-0.17529616223513825
467,-0.10391301601912385,-0.9693715727402965,-0.4334328448958298
468,0.09131950003825978,1.1503560198003273,0.8698426017081494
469,-0.1228549798460466,0.7197863525655132,0.07654450377529251
470,-0.3705036180276662,0.45482040349793523,0.39134533628833096
471,0.143835844193326,0.18985445443035723,0.11432060367685712
472,-0.6857019049888939,1.1172352761668802,-0.4145447949450475
473,0.44700748745492025,1.1503560198003273,3.2623289288072415
474,-0.5198344439647821,0.9516315579996439,0.8824346350086709
475,-0.20413504684940292,-0.27383595643790426,-0.6097213111031313
476,0.2613962863572434,0.8522693270993021,0.3523100330567142
477,0.3183223998688419,1.1503560198003273,2.5068069307759493
478,0.012043873651509038,1.1834767634337746,1.4616681668326617
479,-0.46020233562076596,-1.1349752909075328,-1.1515439119912725
480,0.552841952011695,1.084114532533433,1.8268371325477863
481,0.13321230892531644,1.0509937888999856,2.43125473097282
482,-0.8034627912144718,-1.8636316508433721,-0.3264005618413967
483,-0.6030187295539137,0.8853900707327494,-0.21307226213670286
484,-0.2764953531088644,-0.3069567000713515,-0.6097213111031313
485,-0.09188637231949037,-0.7044056236727184,-0.427136828245569
486,-0.022833393077428082,-0.20759446917100974,-0.31380852854087515
487,0.17300045516493723,-0.008870007370326258,-0.07455989583096595
488,0.02838006467684453,-2.3604428053450808,-0.263440395338789
489,-0.9010790492431636,-0.04199075100377351,-1.1952508595773828
490,-0.7869261561274757,0.15673371079690998,-0.8300818938622582
491,-0.10291079571082107,-1.0024923163737438,-0.6034252944528705
492,0.507240927983918,1.1503560198003273,-0.10245124959162115
493,-0.25915694177522614,-0.373198187338246,-0.3264005618413967
494,-0.47433364196783534,-1.1018545472740855,-1.1285130830846186
495,-0.2643684873784007,-1.6980279326761358,-1.8387037612340333
496,0.21800014700773254,0.686665608932066,3.1364085958020262
497,-0.13999294711802432,-1.5324242145088998,0.038768403873727895
498,-0.2722860278139927,-0.14135298190411524,-0.6412013943544351
499,-0.29884486598401666,-0.4394396746051405,-0.7671217273596506
500,-0.864598230020942,0.05737147989656824,-0.8552659604633013
501,-0.07154130006094371,1.1172352761668802,0.5764482258059975
502,-0.13498184557651036,-0.20759446917100974,-0.5152810613492198
503,0.5096462567238447,-0.40631893097169325,1.3609319004284894
504,-0.8227054211338855,0.09049222353001549,-0.427136828245569
505,-0.29273132210336966,-0.6381641364058239,-0.7104575775073037
506,-0.0964965857376832,0.7197863525655132,0.42912143618989557
507,-0.26607226190251543,1.2497182507006692,0.34475481307640127
508,-0.09188637231949037,-1.4330619836085579,-0.2508483620382675
509,-0.09188637231949037,-0.40631893097169325,-0.7104575775073037
510,0.4051146785678636,-0.6712848800392712,-0.20173943216623347
511,-0.373309834890914,1.1172352761668802,0.2737987054279624
512,-0.14199738773462992,-0.4394396746051405,-0.6424605976844873
513,-0.1332780710523956,0.38857891623104074,-0.590833261152349
514,0.007734326325807037,-1.4993034708754525,-1.0630345099219067
515,0.1706953484558408,1.2497182507006692,2.7946734040591723
516,-0.006898090175413709,0.02425073626312099,-0.2886244619398321
517,-0.030951377574680687,0.819148583465855,1.0587231012159724
518,-0.09880169244677962,0.8853900707327494,0.3787533029878094
519,0.040206264314817455,-1.4993034708754525,0.6683700688998048
520,0.02838006467684453,-2.3604428053450808,-0.9402621852418217
521,0.14744383730321609,-0.47256041823858774,-0.38936072834400437
522,-0.5529077141387742,-0.8037678545730602,-0.27603242863931055
523,2.96428423581904,1.1834767634337746,0.04821242884911905
524,0.12729920910632997,0.819148583465855,1.6977687912174404
525,-0.3023526370630764,1.1172352761668802,-0.06196786253044441
526,0.27893514175254225,-0.5056811618720349,-0.616017327753392
527,0.44410104856084215,1.216597507067222,3.3411676493018074
528,-0.14219783179629047,-1.6980279326761358,-1.1952508595773828
529,2.2200354348733877,-0.47256041823858774,0.24809836546159794
530,-0.03175315382132292,0.554182634398277,-0.07455989583096595
531,-0.4371512685298018,-1.6980279326761358,-0.6663854609554782
532,-0.33241924631216013,-0.5388019055054822,-0.9245221436161697
533,-0.5529077141387742,-0.8368885982065074,-1.7832988147117386
534,-0.14640715709116217,1.084114532533433,-0.036783795929401335
535,-0.352463652478216,-2.029235369010608,-0.9245221436161697
536,-0.15963646516075902,0.8853900707327494,0.08913653707581405
537,0.22230969433343453,0.02425073626312099,-0.877302018739214
538,0.10384725389204467,-0.108232238270668,-0.2886244619398321
539,0.0908183898841084,0.9847523016330911,1.1468673343196232
540,0.4093240038627353,1.1503560198003273,1.6883247662420493
541,0.048424470842900344,0.9516315579996439,0.8446585351071063
542,-0.037766475671139665,0.8853900707327494,0.40708537791398286
543,-0.647316867180897,0.8853900707327494,-0.6034252944528705
544,0.6601797470309239,1.1503560198003273,-0.015818060484032972
545,0.3327543723084021,0.554182634398277,0.605409902397197
546,-0.17837798492602122,-1.5986657017757941,0.3661612696872879
547,-0.3280094769556279,-0.04199075100377351,-0.6474974110046959
548,-0.2286894444028213,-0.5388019055054822,-0.7041615608570428
549,-0.11443632925630316,1.0509937888999856,1.0335390346149294
550,-0.6488201976433512,0.18985445443035723,-0.5152810613492198
551,-0.45268568330849507,-0.47256041823858774,-0.8615619771135621
552,0.06305688734412108,1.1503560198003273,0.9390987848610178
553,-0.17436910369281006,-0.7375263673061657,-0.918226126965909
554,0.010841209281545689,1.0509937888999856,1.2979717339258816
555,-0.414601311592989,-1.6317864454092414,-0.8552659604633013
556,0.4342792895394748,-0.47256041823858774,-0.5026890280486982
557,0.05243335207611151,-1.6980279326761358,-0.918226126965909
558,1.1380383900296944,0.819148583465855,-0.07455989583096595
559,-0.7337082577565975,1.0509937888999856,0.6683700688998048
560,0.08260018335602551,-0.47256041823858774,-0.7482336774088683
561,-0.05079533967907594,0.09049222353001549,-0.13752006233357364
562,0.3397699144665216,-1.0356130600071909,-0.918226126965909
563,1.1288179631933088,-1.7642694199430304,0.051360437174249436
564,0.28354535517073504,0.686665608932066,1.096499201117537
565,-0.3666951808561156,-1.8636316508433721,-0.6663854609554782
566,0.06826843294729561,1.1172352761668802,1.8142450992472647
567,-0.03465959271540101,1.084114532533433,0.416529402889374
568,0.18141910575468068,0.38857891623104074,1.7084720195228837
569,-0.34925654749164703,0.25609594169725175,-0.5661528758833267
570,0.25899095761731666,-0.20759446917100974,-0.48254177476786375
571,-0.3191899382425633,-0.40631893097169325,-0.7671217273596506
572,0.26480383540547286,1.2497182507006692,0.5487457525448501
573,-0.05510488700477795,0.9516315579996439,-0.13752006233357364
574,-0.0016865445722391962,-0.008870007370326258,-0.5278730946497413
575,-0.20413504684940292,-0.8037678545730602,-0.7860097773104329
576,-0.42342085030605353,-1.4330619836085579,-0.4523208948466121
577,0.1262969887980272,-0.1744737255375625,-0.20677624548644208
578,-0.6928176691778437,1.1834767634337746,-0.43972886154609053
579,0.16367980629772128,-0.5719226491389294,-0.6223133444036528
580,0.40772045136945084,-0.373198187338246,0.012325133942632665
581,0.2192028113776959,1.216597507067222,0.9113081673667668
582,0.13271119877116505,0.6204241216651715,-0.7860097773104329
583,0.29897954791859804,-2.5922880107792117,1.8142450992472647
584,-0.44065903960886155,-1.2012167781744272,-0.6034252944528705
585,0.09282283050071398,1.1172352761668802,2.3796273944406816
586,-0.02503827775569422,-1.7642694199430304,-0.6412013943544351
587,-0.17807731883353037,0.3554581725975935,-0.5530571612507844
588,1.461053995395684,-0.108232238270668,-0.47750496144765514
589,-0.14199738773462992,-1.3668204963416635,-1.2770990760307728
590,-0.22017057178224758,1.084114532533433,0.06269326714471882
591,0.2967746632403319,1.216597507067222,3.412803726748474
592,-0.3925524648103276,0.3554581725975935,-0.5404651279502628
593,-0.6095331615578818,1.0509937888999856,-0.5152810613492198
594,-0.25324384195623967,0.12361296716346273,-0.8930420603648659
595,0.07869152415364462,1.1172352761668802,1.7386928994441355
596,-0.6932185573011649,-2.029235369010608,-0.836327542379317
597,-0.6609470633738149,1.1503560198003273,0.1672197355723481
598,0.24726498001017402,0.18985445443035723,0.4606015194411994
599,-0.8585849081711253,0.289216685330699,-0.37676869504348287
600,0.04110826259228997,1.1172352761668802,1.1846434342211878
601,-0.1520195908176578,-1.1349752909075328,-0.5026890280486982
602,-0.04768845672333729,0.686665608932066,0.49208160269250323
603,-0.7351113661882215,1.084114532533433,-0.37676869504348287
604,0.22912479242989353,1.0178730452665383,0.5046736359930248
605,0.30900175100162597,-0.20759446917100974,0.3032011031846802
606,0.1951495239784289,0.819148583465855,-0.3641766617429613
607,-0.2722860278139927,-0.7706471109396129,0.555041769195111
608,0.1654838028526663,-1.2343375218078745,2.2436334347950493
609,-0.2579542774052628,-0.34007744370479875,-0.7860097773104329
610,0.0534355723844143,0.9516315579996439,1.6631406996410063
611,-0.0122098578094185,0.22297519806380448,-0.4145447949450475
612,0.13712096812769733,0.9847523016330911,1.0146509846641472
613,-0.2119523652541647,1.1834767634337746,-0.427136828245569
614,-0.9045868203222234,0.02425073626312099,-1.327467209232859
615,-0.17206399698371364,-0.27383595643790426,-0.5467611446005236
616,-0.2661724839333457,1.0178730452665383,0.028694777233310664
617,-0.3297132514797426,-0.5719226491389294,-0.9497062102172128
618,0.11797856023911402,1.1834767634337746,1.6859700560148518
619,0.17310067719576752,1.0509937888999856,1.5624044332368339
620,-0.22738655800202767,-1.8967523944768194,-1.434499492287292
621,0.02838006467684453,0.09049222353001549,0.743922268702934
622,-0.34604944250507813,0.18985445443035723,-0.5782412278518274
623,-0.8418478290224687,0.9516315579996439,-0.15640811228435594
624,-0.011708747655267105,0.02425073626312099,-0.1985914238411031
625,-0.051797559987378734,-0.3069567000713515,-0.263440395338789
626,0.18292243621713486,-0.373198187338246,-0.5165402646792719
627,-0.09188637231949037,-0.5388019055054822,-0.35158462844243976
628,0.10915902152604946,-0.07511149463722075,-0.5782412278518274
629,-0.15001515020105224,-0.24071521280445698,-0.15640811228435594
630,-0.1520195908176578,-3.022857678014026,-0.7167535941575643
631,-0.5939987467791885,1.1503560198003273,0.3598652530370271
632,0.13862429859015152,0.18985445443035723,-1.2393229761292082
633,-0.12696408311008806,-0.5719226491389294,-0.5228362813295326
634,-0.35456831512565185,0.289216685330699,-0.46491292814713364
635,0.03800137963655132,-1.8967523944768194,0.2402409366820725
636,-0.44065903960886155,-1.1680960345409799,-1.5226437253909428
637,-0.45268568330849507,-0.5719226491389294,-1.1071066264737321
638,-0.17436910369281006,-2.029235369010608,-1.2078428928779044
639,-0.6549337415239982,1.1503560198003273,1.0531951985970436
640,0.21649681654527836,1.0509937888999856,1.1720514009206664
641,-0.347452550936702,0.9847523016330911,0.5676338024956324
642,0.3350594790174985,0.02425073626312099,2.0660857652576956
643,0.027678510461032573,-0.07511149463722075,-0.3641766617429613
644,-0.1332780710523956,1.2497182507006692,2.3919424030085916
645,0.001320116352669176,-0.008870007370326258,-0.4743569531225248
646,-0.33241924631216013,-0.7044056236727184,-1.0403688499809678
647,-0.006497202052092592,-0.6050433927723767,-0.3264005618413967
648,-0.2823082308970206,-0.1744737255375625,-0.3264005618413967
649,-0.8599880166027493,-0.04199075100377351,-1.2141389095281652
650,-0.23971386779415202,1.1834767634337746,0.3151635348201757
651,-0.14360094022791436,-1.0356130600071909,-0.918226126965909
652,-0.17707509852522757,0.819148583465855,0.12691263697737865
653,-0.019726510121689432,-2.1617183435443974,-0.5782412278518274
654,-0.008000532514546778,0.7860278398324076,2.129045931760303
655,-0.8856448564953007,-0.008870007370326258,-1.1700667929763398
656,-0.05109600577156678,-0.40631893097169325,-0.4460248781963513
657,-0.33241924631216013,-1.3336997527082162,-0.4019527616445259
658,0.7001683373322052,-0.7706471109396129,-1.0504424766213851
659,-0.05811154792968632,-0.24071521280445698,-0.17529616223513825
660,0.18713176151200658,0.15673371079690998,0.21379766675097728
661,3.615226326061703,0.7529070961989605,2.783831663387423
662,0.3049928697684148,-0.108232238270668,-0.8930420603648659
663,-0.050594895617415384,0.02425073626312099,-0.5467611446005236
664,1.040221687939342,1.1172352761668802,3.0482643626983754
665,0.06786754482397449,0.9516315579996439,0.6242979523479794
666,0.7950786005284795,-0.20759446917100974,-0.6537934276549566
667,-0.23971386779415202,0.7529070961989605,0.1583927202286825
668,0.3666294187290364,-0.5056811618720349,-0.16270412893461672
669,0.10855768934106778,-1.6317864454092414,-0.5467611446005236
670,-0.18880107613237024,1.1172352761668802,-0.09344794578174825
671,-0.3896460259162495,-1.5324242145088998,-0.9736310734882038
672,0.07347997855047012,0.18985445443035723,-0.20048022883618133
673,0.3933887009607209,-0.47256041823858774,0.9642828514620609
674,-0.131975184651602,-0.20759446917100974,-0.5152810613492198
675,-0.8246096397196607,0.22297519806380448,-0.4082487782947867
676,-0.09188637231949037,-2.3604428053450808,-1.1826588262768614
677,-0.14981470613939168,-1.5655449581423468,-0.8993380770151267
678,0.13301186486365588,1.216597507067222,2.412366681022038
679,-0.05730977168304408,-0.34007744370479875,-0.6600894443052174
680,-0.25103895727797354,0.289216685330699,-0.47750496144765514
681,-0.6030187295539137,-1.3005790090747689,-0.2705674861868842
682,-0.7646768652831538,0.819148583465855,-0.09974396243200902
683,0.07327953448880956,1.0178730452665383,1.3105637672264032
684,0.6267055887336106,0.8853900707327494,0.5046736359930248
685,-0.5466939482272968,0.421699659864488,0.33468118643598405
686,-0.031051599605510967,1.1834767634337746,0.5912438649341104
687,-0.5423844009015948,1.084114532533433,-0.40447116830463026
688,-0.24332186090404206,1.1834767634337746,2.6579113303822077
689,-0.29463554068914494,1.1172352761668802,0.17350316018930834
690,-0.6104351598353543,1.084114532533433,-0.5026890280486982
691,1.1042635656398905,0.7529070961989605,7.228819418471526
692,1.5695944547848761,0.5873033780317242,1.9401654322524802
693,-0.5128189018066625,-1.6649071890426888,-0.9121819509816587
694,-0.44065903960886155,-1.1680960345409799,-0.49639301139843744
695,0.33014859950681485,0.5210618907648297,-0.06196786253044441
696,-0.45268568330849507,-1.6649071890426888,-1.1574747596758181
697,-0.4105924303597778,-0.6381641364058239,-0.7230496108078251
698,-0.20714170777431132,-0.20759446917100974,-0.5341691113000021
699,-0.6248671322749145,1.084114532533433,0.18987280347998634
700,0.38226405553855997,1.0178730452665383,1.6568446829907455
701,-0.09188637231949037,-0.07511149463722075,-0.5152810613492198
702,0.19254375117684167,1.1503560198003273,2.2791303766692192
703,-0.2893237730551402,-2.3604428053450808,-0.5152810613492198
704,-0.21215280931582525,1.084114532533433,0.4039373695888525
705,-0.49277449564060666,-1.3668204963416635,-1.5856038918935504
706,10.486448759785635,-0.008870007370326258,1.5246283333352693
707,-0.4286323959092281,1.1503560198003273,0.9202107349102355
708,-0.15021559426271278,1.1834767634337746,-0.017392064646598163
709,-0.33622768348371074,-0.1744737255375625,-0.894301263694918
710,-0.640100880961117,-1.2012167781744272,-1.623379991795115
711,-0.18088353569677817,-2.3604428053450808,-0.9840069089278335
712,-0.585880762281936,0.554182634398277,0.10172857037633558
713,-0.06452575790282418,-0.04199075100377351,-0.6537934276549566
714,0.3006833224427128,0.15673371079690998,-0.6349053777041743
715,-0.037766475671139665,0.09049222353001549,-0.20048022883618133
716,0.02838006467684453,-2.6916502416795534,-0.2697364119890498
717,-0.051797559987378734,0.05737147989656824,-0.3012164952403536
718,0.002522780722632525,0.7197863525655132,2.015717632055609
719,-0.05981532245380106,-0.07511149463722075,-0.6600894443052174
720,-0.3962606799510479,0.45482040349793523,1.1846434342211878
721,-0.6104351598353543,1.084114532533433,-0.47750496144765514
722,-0.2402149779483034,-0.04199075100377351,-0.7104575775073037
723,-0.23500343234512888,-0.5719226491389294,-0.5782412278518274
724,0.2775320333209183,1.1834767634337746,1.7512849327446571
725,-0.3564725337114271,-0.04199075100377351,-0.7608257107093898
726,1.120299090572735,0.554182634398277,0.5172656692935463
727,-0.3209939347975083,1.1834767634337746,0.17098475352920403
728,0.0960299354872829,-0.4394396746051405,-0.8930420603648659
729,-0.4286323959092281,-1.5324242145088998,-0.9811862934685167
730,-0.5139213441457956,0.7860278398324076,0.6998501521511086
731,-0.09288859262779316,1.0509937888999856,0.08284052042555327
732,0.0889141712983331,0.8853900707327494,0.5235616859438071
733,-0.051797559987378734,-0.34007744370479875,-0.623572547733705
734,-0.15422447549592394,-0.108232238270668,-0.918226126965909
735,0.02838006467684453,-1.8967523944768194,-0.2256642954372244
736,-0.19772083687626507,-0.7044056236727184,-1.1008106098234713
737,-0.005394759712959522,1.1172352761668802,0.7426630653728818
738,0.02838006467684453,0.5210618907648297,-0.024191762628879794
739,-0.12065009516778046,1.084114532533433,0.11432060367685712
740,-0.09188637231949037,-2.029235369010608,-0.616017327753392
741,-0.37571516363084073,-0.34007744370479875,-0.4900969947481767
742,-0.20714170777431132,0.9516315579996439,-0.024191762628879794
743,0.23744322098880669,-0.27383595643790426,-0.07455989583096595
744,-0.5133200119608139,0.7197863525655132,-0.011599729328358257
745,-0.15572780595837815,0.15673371079690998,1.496925860074122
746,-0.17256510713786502,0.9516315579996439,0.6935541355008479
747,0.1185798924240957,-3.022857678014026,1.071050701817183
748,0.007634104294976758,0.819148583465855,1.0007997480335733
749,-0.21165169916167387,-0.8700093418399547,-1.0441464599711243
750,-0.17206399698371364,-2.029235369010608,-1.0630345099219067
751,-0.27729712935550666,1.0509937888999856,-0.23825632873774594
752,-0.12836719154171194,0.8522693270993021,0.4543055027909386
753,-0.027744272588111758,1.1172352761668802,1.1909394508714486
754,-0.2592571638060564,-0.07511149463722075,-0.31380852854087515
755,-0.730300708708368,0.9185108143661966,-0.1060399790822698
756,0.025273181721105875,1.1834767634337746,0.39134533628833096
757,0.11016124183435226,0.22297519806380448,-0.2772916319693627
758,-0.8255116379971332,0.9185108143661966,-0.01915494930867118
759,0.17440356359656115,0.7860278398324076,1.3735239337290108
760,-0.14199738773462992,-0.40631893097169325,-0.672681477605739
761,-0.3613834132221108,-1.5655449581423468,-1.0189623933700813
762,-0.1880995219165583,1.2497182507006692,0.4316398428499999
763,-0.10892411756063781,0.9185108143661966,1.9653494988535232
764,-0.0969976958918346,0.7860278398324076,1.1216832677185802
765,0.4079208954311114,1.216597507067222,1.0477932163111197
766,-0.009604085007831243,0.554182634398277,0.1961688201302471
767,0.1995592933349612,-1.0356130600071909,-0.263440395338789
768,-0.14199738773462992,1.084114532533433,0.45225300136295365
769,4.308261669253082,1.0509937888999856,4.496348192258353
770,-0.32720770070898564,0.3554581725975935,-0.5795004311818797
771,-0.16434690060978213,-0.6712848800392712,-0.9937783267690382
772,-0.2703818092282174,0.15673371079690998,-0.9308181602664305
773,-0.036764255362836874,-0.4394396746051405,-0.836377910512519
774,0.37174074230138066,1.1503560198003273,2.6956874302837726
775,-0.6030187295539137,0.8853900707327494,-0.23825632873774594
776,0.06947109731725895,1.1172352761668802,0.5109696526432855
777,0.28394624329405616,0.09049222353001549,-0.48380097809791595
778,-0.21215280931582525,0.18985445443035723,-0.46491292814713364
779,0.001320116352669176,0.18985445443035723,-0.5782412278518274
780,-0.26476937550172175,0.7860278398324076,-0.06196786253044441
781,-0.3371296817611833,0.686665608932066,-0.06322706586049656
782,0.5780979037809253,0.9847523016330911,0.07780370710534466
783,-0.14189716570379962,0.22297519806380448,-0.19418421218592055
784,-0.42261907405941135,-1.8967523944768194,-0.6663854609554782
785,-0.07284418646173735,-0.14135298190411524,-0.24455234538800671
786,0.02838006467684453,-1.8636316508433721,-0.5278730946497413
787,-0.037566031609479106,1.084114532533433,0.6557780355992833
788,-0.45268568330849507,-0.5719226491389294,-0.9194853302959611
789,0.16919201799338662,-0.1744737255375625,0.08284052042555327
790,-0.7351113661882215,1.1172352761668802,-0.2609219886786847
791,0.08179840710938327,0.15673371079690998,-0.4296552349056733
792,-0.05981532245380106,0.819148583465855,1.1190389407254706
793,-0.13618450994647371,1.1834767634337746,0.555041769195111
794,0.031587169663413454,0.7529070961989605,0.17098475352920403
795,-0.21215280931582525,0.289216685330699,-0.1249280290330521
796,-0.2324978815743719,0.18985445443035723,-0.4712089447973944
797,-0.284613337606117,-0.6050433927723767,-0.8930420603648659
798,0.30078354447354305,1.216597507067222,3.8289704273307112
799,-0.33241924631216013,-1.1349752909075328,-0.07455989583096595
800,0.22862368227574212,0.8522693270993021,0.2402409366820725
801,-0.5729521203048299,-1.8305109072099248,-0.894301263694918
802,-0.23229743751271134,1.1172352761668802,0.10172857037633558
803,0.3381663619732372,1.216597507067222,5.062146024550687
804,-0.1520195908176578,-0.5719226491389294,-0.7923057939606936
805,0.1761073381206759,1.216597507067222,0.5887884184405087
806,-0.0768530676949485,-0.14135298190411524,-0.5719452112015667
807,1.0891300389845182,-1.5986657017757941,0.5361537192443286
808,0.2889573448355701,-0.1744737255375625,-0.2640699970038151
809,-0.24221941856490897,-2.4266842926119754,-0.9434101935669521
810,-0.037766475671139665,0.09049222353001549,0.0009923039721632817
811,-0.6092324954653909,1.084114532533433,-0.45861691149687284
812,-0.18088353569677817,-0.6381641364058239,-1.5731000028261326
813,-0.0768530676949485,-0.4394396746051405,-0.28988366526988424
814,-0.22738655800202767,-1.7642694199430304,-0.8174898605617367
815,0.16237691989692765,0.8853900707327494,0.5537825658650588
816,0.09101883394576896,-0.5719226491389294,-0.5530571612507844
817,0.27542737067348244,1.0178730452665383,1.1342753010191018
818,-0.17046044449042916,-0.008870007370326258,-0.3264005618413967
819,-0.4155033098704615,1.2497182507006692,0.5424497358945894
820,-0.3298134735105729,1.0509937888999856,0.02617637057320636
821,-0.45268568330849507,-0.6050433927723767,-1.1071066264737321
822,0.18813398182030938,1.0509937888999856,0.555041769195111
823,-0.061819763070406646,-1.0356130600071909,-0.5215770779994805
824,0.07007242950224063,1.1503560198003273,0.6507412222790746
825,0.4295688540904517,1.1834767634337746,2.569767097278557
826,-0.4396568193005588,-1.5655449581423468,-0.8993380770151267
827,-0.19922416733871925,0.9847523016330911,0.10172857037633558
828,1.8221539724771796,-0.14135298190411524,0.051360437174249436
829,-0.7990530218579396,1.1172352761668802,-0.42210001492536037
830,0.13862429859015152,-0.47256041823858774,-0.18788819553565977
831,-0.735311810249882,1.1172352761668802,-0.37676869504348287
832,-0.09709791792266488,1.0509937888999856,0.7061461688013694
833,-0.05139667186405762,-0.24071521280445698,-0.17529616223513825
834,-0.26476937550172175,-0.34007744370479875,-0.5159106630142458
835,-0.09188637231949037,-0.7044056236727184,-0.6663854609554782
836,-0.24221941856490897,-0.7706471109396129,-0.345288611792179
837,-0.8856448564953007,0.05737147989656824,-1.0189623933700813
838,-0.0994030246317613,0.7860278398324076,-0.46491292814713364
839,0.1252947684897244,-0.8368885982065074,-0.6349053777041743
840,0.1641809164518727,-1.5324242145088998,-0.5152810613492198
841,-0.007699866422055941,-2.227959830811292,-0.29492047859009285
842,-0.15001515020105224,-0.1744737255375625,-0.0758190991610181
843,-0.2522416216479369,-0.34007744370479875,-0.5026890280486982
844,0.215294152175315,-1.8636316508433721,-0.3402517984719704
845,0.6143782789414863,0.12361296716346273,-0.1249280290330521
846,-0.12024920704445935,0.7197863525655132,0.4039373695888525
847,0.5017287162882527,0.02425073626312099,-0.5971292778026097
848,3.516106737570557,-2.095476856277503,0.743922268702934
849,-0.09188637231949037,0.15673371079690998,0.07654450377529251
850,-0.6095331615578818,1.0509937888999856,-0.6223133444036528
851,-0.7337082577565975,1.0509937888999856,0.42912143618989557
852,-0.3396352325319402,-1.0024923163737438,-0.21307226213670286
853,0.15816759460205593,-0.24071521280445698,-0.2886244619398321
854,0.7419609241884315,-0.5388019055054822,-0.13752006233357364
855,-0.3627865216537347,-0.3069567000713515,-0.6789774942559997
856,0.04541780991799197,0.22297519806380448,-0.427136828245569
857,-0.23971386779415202,0.7529070961989605,-0.08715192913148748
858,-0.011708747655267105,0.15673371079690998,-0.3641766617429613
859,0.05133090973697844,-0.108232238270668,0.8698426017081494
860,-0.2881211086851768,-1.7642694199430304,0.11369100201183105
861,0.11106324011182477,-0.20759446917100974,-0.6223133444036528
862,-0.08467038609971027,0.421699659864488,-0.3641766617429613
863,-0.25915694177522614,-0.40631893097169325,-0.6097213111031313
864,-0.1880995219165583,1.1834767634337746,0.8771459810224519
865,-0.17707509852522757,-0.04199075100377351,-0.4082487782947867
866,0.01394809223728434,1.1503560198003273,0.8559913650775757
867,-0.35547031340312435,-0.34007744370479875,-0.6537934276549566
868,0.42545975082641024,-0.7706471109396129,-0.15011209563409517
869,-0.05801132589885604,0.7197863525655132,0.6935541355008479
870,-0.3925524648103276,-0.3069567000713515,-0.8993380770151267
871,-0.17707509852522757,0.8853900707327494,0.24653695333233328
872,-0.16284357014732795,-0.6050433927723767,-0.8174898605617367
873,0.1630784741127396,-0.7375263673061657,-0.6034252944528705
874,-0.4807478519409732,-1.0024923163737438,-1.4407955089375528
875,-0.1520195908176578,1.1834767634337746,1.5432267665201396
876,1.4801964032842672,-0.27383595643790426,-0.6128693194282617
877,-0.16865644793548415,1.084114532533433,2.129045931760303
878,0.12679809895217858,-0.34007744370479875,-0.4145447949450475
879,-0.352463652478216,0.22297519806380448,-0.5593531779010451
880,-0.35005832373828927,1.1172352761668802,-0.3012164952403536
881,0.32483683187281004,0.6204241216651715,0.08284052042555327
882,-0.08827837920960031,0.686665608932066,-0.036783795929401335
883,-0.4322403890191181,-1.9629938817437138,-0.7860097773104329
884,-0.3374303478536741,-0.14135298190411524,-1.0189623933700813
885,-0.540981292469971,0.9185108143661966,1.8633540291192987
886,-0.21285436353163723,-0.40631893097169325,-0.4523208948466121
887,0.5962380913612058,-0.5388019055054822,-0.5719452112015667
888,0.536004650832208,-0.04199075100377351,1.096499201117537
889,0.16468202660602407,-0.6050433927723767,-0.3956567449942652
890,-0.24582741167479902,-0.7375263673061657,-0.7306048307881381
891,0.06686532451567169,0.22297519806380448,-0.1060399790822698
892,-0.21074970088420136,-0.27383595643790426,-0.33269657849165746
893,0.27733158925925777,-0.5719226491389294,-0.20048022883618133
894,-0.3506596559232709,0.25609594169725175,-0.7815018293888462
895,-0.3468512187517203,-0.27383595643790426,-0.5152810613492198
896,-0.1755717680627734,-1.1680960345409799,-0.9371141769166913
897,-0.3506596559232709,0.25609594169725175,-0.4780967870127797
898,0.2407505480062059,1.2497182507006692,5.423839589074867
899,-0.3531652066940279,-0.34007744370479875,-0.5782412278518274
900,-0.31838816199592107,-0.008870007370326258,-0.8930420603648659
901,-0.18088353569677817,-0.47256041823858774,-0.35158462844243976
902,-0.26476937550172175,1.0509937888999856,-0.011599729328358257
903,0.4351812878169473,1.1503560198003273,0.743922268702934
904,-0.4353472719748568,-0.14135298190411524,-0.697865544206782
905,-0.05981532245380106,-0.5719226491389294,-0.6663854609554782
906,0.2990797699494283,1.1503560198003273,0.932802768210757
907,0.09853548625803989,-1.1680960345409799,0.8698426017081494
908,-0.1635451243631399,0.38857891623104074,-0.6286093610539136
909,0.2076772778322138,1.1172352761668802,-0.08715192913148748
910,0.10855768934106778,-0.373198187338246,-0.3352149851517618
911,-0.123356090000198,0.18985445443035723,-0.4712089447973944
912,-0.44065903960886155,-1.5324242145088998,-1.1700667929763398
913,-0.4256257349843197,-0.7375263673061657,-0.4523208948466121
914,-0.7533517757993323,1.2497182507006692,-0.09051400202272673
915,-0.8534735845987811,-0.04199075100377351,-1.3337632258831198
916,-0.1520195908176578,-0.7375263673061657,-1.833528435547519
917,0.6637877401408139,-0.5056811618720349,-0.5782412278518274
918,0.2613962863572434,0.6535448652986187,0.718738202101891
919,0.05133090973697844,-0.4394396746051405,-0.05567184588018364
920,-0.20593904340434796,0.7529070961989605,0.252832969982594
921,-0.17436910369281006,-2.3604428053450808,-0.44098806487614267
922,-0.028044938680602594,1.1172352761668802,-0.13764598266657885
923,-0.25103895727797354,0.7197863525655132,0.15209670357842173
924,-0.027744272588111758,0.289216685330699,0.33468118643598405
925,0.5105482550013172,0.18985445443035723,-0.07455989583096595
926,0.14854627964234915,1.0509937888999856,1.3105637672264032
927,-0.061819763070406646,-0.108232238270668,-0.06196786253044441
928,0.1324105326786742,0.9847523016330911,0.6998501521511086
929,0.24946986468844018,0.8522693270993021,0.5172656692935463
930,-0.15953624312992876,1.1834767634337746,0.252832969982594
931,-0.14199738773462992,-0.20759446917100974,-0.7986018106109544
932,0.11557323149918733,1.1503560198003273,1.7512849327446571
933,-0.20343349263359098,1.084114532533433,0.11432060367685712
934,1.7171212841670471,-0.373198187338246,0.7691063353039771
935,-0.4702245387037939,-1.4993034708754525,-1.2720622627105642
936,-0.04347913142846557,1.0509937888999856,0.05010123384419728
937,-0.08436972000721943,1.1172352761668802,0.907618701609714
938,-0.1760728782169248,1.1503560198003273,0.7413912700095292
939,1.3603308544112536,-1.0356130600071909,0.7993272152252288
940,0.21278860140455802,0.15673371079690998,-0.378027898373535
941,-0.17657398837107618,0.9185108143661966,0.416529402889374
942,-0.2812057885578875,0.18985445443035723,-0.38936072834400437
943,1.4515329024668073,-0.14135298190411524,-0.47750496144765514
944,0.3866738248950922,-0.4394396746051405,-0.5467611446005236
945,-0.17005955636710804,-2.6916502416795534,-0.705420764187095
946,-0.23590543062260141,-0.40631893097169325,-0.47750496144765514
947,0.40280957185876715,1.0178730452665383,1.1216832677185802
948,0.34969189551871926,1.0178730452665383,0.14580068692816098
949,-0.11593965971875735,0.02425073626312099,0.20876085343076867
950,-0.33241924631216013,-0.7044056236727184,-0.6537934276549566
951,-0.2722860278139927,-0.20759446917100974,-0.7683809306897027
952,-0.33241924631216013,0.02425073626312099,-0.5920924644824012
953,0.055941123155171274,-0.07511149463722075,-0.11233599573253056
954,-0.11193077848554618,0.12361296716346273,-0.672681477605739
955,-0.33883345628529804,-0.8368885982065074,-0.4523208948466121
956,-0.9237292282108067,0.289216685330699,-0.7167535941575643
957,-0.31037039952949874,-0.3069567000713515,-0.616017327753392
958,-0.20714170777431132,1.0509937888999856,0.051360437174249436
959,-0.7962468049946917,0.9185108143661966,-0.3264005618413967
960,-0.3317176920963482,-0.4394396746051405,-0.8111938439114759
961,0.17139690267165278,0.18985445443035723,1.1468673343196232
962,-0.8227054211338855,0.15673371079690998,-0.3264005618413967
963,0.14092940529924794,1.1834767634337746,0.7313302354024125
964,0.08009463258526853,1.0178730452665383,0.4278622328598434
965,-0.028044938680602594,1.1172352761668802,-0.025450965958931947
966,-0.09188637231949037,-1.0356130600071909,-0.263440395338789
967,-0.3133770604544071,-0.5388019055054822,-0.5782412278518274
968,-0.46020233562076596,-2.029235369010608,-1.8009276613324687
969,-0.013512744210212127,-0.4394396746051405,-0.5152810613492198
970,0.02838006467684453,-0.7375263673061657,-0.5782412278518274
971,-0.8267143023670965,1.0509937888999856,-0.09974396243200902
972,-0.263065600977607,0.25609594169725175,-1.0252584100203421
973,0.11246634854344867,1.1834767634337746,0.01358433727268482
974,0.08991639160663588,-2.029235369010608,-0.16900014558487747
975,-0.7883292645590997,0.9516315579996439,-0.20048022883618133
976,-0.46270788639152294,-1.5986657017757941,-1.2015468762276436
977,-0.6256689085215568,1.1503560198003273,0.23898173335202036
978,-0.10691967694403223,-0.5719226491389294,-0.8930420603648659
979,-0.17046044449042916,-0.27383595643790426,-0.5278730946497413
980,0.16087358943447347,-0.34007744370479875,-0.03174698260919272
981,0.16899157393172606,0.8853900707327494,1.9527574655530016
982,-0.7351113661882215,1.1834767634337746,-0.2647625588353438
983,0.07347997855047012,1.0178730452665383,0.9441355981812265
984,-0.03926980613359385,0.18985445443035723,-0.6915695275565213
985,0.03639782714326685,-0.7044056236727184,-0.7041615608570428
986,-0.5218388845813876,-2.029235369010608,-0.8048978272612152
987,-0.03586225708536436,1.2497182507006692,2.6981051006774726
988,0.15325671509137226,0.15673371079690998,0.1772807701794648
989,-0.23971386779415202,1.1503560198003273,0.2024648367805079
990,-0.10671923288237167,0.8522693270993021,2.10386186515926
991,0.7170056385116921,-2.9566161907471313,-0.16270412893461672
992,-0.07585084738664571,-0.24071521280445698,0.07654450377529251
993,-0.1674537835655208,1.1172352761668802,-0.08841113246153964
994,0.19434774773178667,1.1503560198003273,1.971645515503784
995,-0.5817716590178945,-0.8368885982065074,-0.746974474078816
996,0.014248758329775178,-0.34007744370479875,-0.5593531779010451
997,0.12028366694821044,-0.04199075100377351,0.051360437174249436
998,-0.07324507458505845,-1.6317864454092414,-1.1322906930747751
999,-0.3763164958158224,1.1503560198003273,0.31579313648520174
1000,-0.031151821636341247,-0.6381641364058239,-1.245618992779469
1001,-0.5128189018066625,-1.6980279326761358,-1.1952508595773828
1002,0.14433695434747743,1.1503560198003273,0.6431860022987617
1003,0.09853548625803989,0.15673371079690998,-0.5542534044143339
1004,-0.7351113661882215,1.1172352761668802,0.0009923039721632817
1005,-0.21365613977827944,0.18985445443035723,-0.39061993167405656
1006,0.1641809164518727,-0.04199075100377351,-0.21936827878696363
1007,-0.8318256259394408,-0.04199075100377351,-1.1700667929763398
1008,0.16047270131115235,1.084114532533433,0.743922268702934
1009,-0.45268568330849507,-1.4993034708754525,-0.9937783267690382
1010,1.079308279963151,-0.7706471109396129,-0.5782412278518274
1011,-0.06933641538267757,-0.20759446917100974,-1.0189623933700813
1012,0.0075338822641464786,-1.5986657017757941,-0.20048022883618133
1013,-0.33241924631216013,-2.029235369010608,-1.2078428928779044
1014,0.11497189931420565,-0.7706471109396129,-0.7771953540000678
1015,-0.21215280931582525,0.9847523016330911,0.580225835796154
1016,0.13692052406603678,0.819148583465855,0.27801703658363713
1017,-0.471326981042927,0.421699659864488,0.08284052042555327
1018,0.026776512183560062,0.6535448652986187,-0.263440395338789
1019,-0.7520488893985386,1.1172352761668802,0.410107465906108
1020,-0.35005832373828927,1.1172352761668802,-0.06196786253044441
1021,-0.3117735079611227,1.1503560198003273,0.16468873687894328
1022,-0.1080221192831653,-1.3668204963416635,-1.1826588262768614
1023,-0.7351113661882215,1.1172352761668802,0.12691263697737865
1024,0.4992231655174956,0.15673371079690998,1.3357478338274462
1025,-0.2823082308970206,0.02425073626312099,-0.8615619771135621
1026,-0.12195298156857409,-0.373198187338246,-0.16900014558487747
1027,-0.09990413478591269,1.1834767634337746,1.4122696201947156
1028,-0.10271035164916051,-1.0024923163737438,-0.9560022268674736
1029,-0.8856448564953007,0.02425073626312099,-0.7923057939606936
1030,-0.34424544595013307,-1.8305109072099248,-0.263440395338789
1031,0.5358042067705475,-1.6980279326761358,0.2024648367805079
1032,0.40331068201291853,0.7197863525655132,1.6253645997394417
1033,-0.23971386779415202,1.0178730452665383,0.6180019356977187
1034,-0.4221179639052599,-1.1018545472740855,-0.7702697356847809
1035,0.09853548625803989,-0.47256041823858774,-1.220434926178426
1036,0.23864588535877004,1.1834767634337746,1.69462078289231
1037,-0.12796630341839083,0.9847523016330911,1.3357478338274462
1038,-0.9003774950273516,-0.04199075100377351,-1.056738493271646
1039,-0.9059899287538473,-0.04199075100377351,-1.270803059380512
1040,0.2613962863572434,-0.47256041823858774,-0.3264005618413967
1041,-0.13899072680972152,-0.1744737255375625,-0.09974396243200902
1042,-0.5147231203924378,1.1172352761668802,0.18987280347998634
1043,0.1325107547095045,0.6204241216651715,1.024472770638554
1044,-0.09188637231949037,0.32233742896414624,1.2224195341227524
1045,0.3170195134680483,-0.5388019055054822,-0.5203178746694284
1046,0.5551470587207914,1.1172352761668802,4.730320763015343
1047,-0.12746519326423944,0.7529070961989605,-0.4523208948466121
1048,1.1258113022684004,-0.373198187338246,-0.8300818938622582
1049,0.05844667392592825,-0.8368885982065074,-1.2091020962079564
1050,-0.15272114503346976,1.1834767634337746,-0.05586072637969146
1051,0.06596332623819919,1.1834767634337746,0.24201641337744603
1052,-0.10190857540251827,-0.24071521280445698,-0.20048022883618133
1053,-0.19591684032132006,-0.47256041823858774,-0.45861691149687284
1054,0.08520595615761277,1.0178730452665383,0.932802768210757
1055,0.08460462397263109,0.15673371079690998,-0.011599729328358257
1056,-0.34725210687504143,1.1172352761668802,0.06206366547969274
1057,1.9485339533541615,0.7529070961989605,0.8446585351071063
1058,0.0792928563386263,1.216597507067222,1.9401654322524802
1059,0.07598552932122708,-1.3005790090747689,0.49208160269250323
1060,-0.5609254766051964,0.9847523016330911,0.41023338623911326
1061,0.7499786866548539,-1.2012167781744272,-1.2582110260799906
1062,0.30900175100162597,-2.3604428053450808,-1.1448827263752968
1063,-0.45268568330849507,-1.5324242145088998,-0.8867460437146051
1064,0.048424470842900344,-0.1744737255375625,-0.33899259514191826
1065,0.34909056333373756,0.819148583465855,1.8520211991488293
1066,-0.26857781267327235,0.7197863525655132,-0.036783795929401335
1067,-0.07585084738664571,-0.24071521280445698,-0.16396333226466886
1068,-0.6567377380789432,0.05737147989656824,-0.37173188172327426
1069,-0.09188637231949037,-0.7375263673061657,-0.5782412278518274
1070,-0.036563811301176315,-0.5056811618720349,-0.5782412278518274
1071,0.1185798924240957,-0.108232238270668,-0.33899259514191826
1072,-0.2938337644425027,-0.7706471109396129,-1.1259946764245143
1073,-0.25725272318945086,0.18985445443035723,-0.2697364119890498
1074,-0.1965181725063017,1.1503560198003273,0.16468873687894328
1075,0.2613962863572434,-1.0356130600071909,0.4857855860422425
1076,0.02838006467684453,-1.1680960345409799,-0.13752006233357364
1077,0.5365057609863595,-0.07511149463722075,-0.5303915013098456
1078,-0.6095331615578818,1.084114532533433,-0.3150677318709273
1079,-0.17456954775447062,0.7529070961989605,-0.6915695275565213
1080,0.05243335207611151,-0.008870007370326258,-0.4523208948466121
1081,-0.3023526370630764,-0.27383595643790426,-0.6034252944528705
1082,-0.17717532055605786,1.0178730452665383,0.1395046702779002
1083,-0.17206399698371364,-0.24071521280445698,-0.263440395338789
1084,0.25197541545919716,0.7860278398324076,0.08284052042555327
1085,-0.14510427069036855,0.686665608932066,-0.427136828245569
1086,-0.8561795794311986,0.05737147989656824,-1.2267309428286866
1087,0.005729885709201456,1.1172352761668802,0.8950266683091924
1088,-0.8012579065362057,1.084114532533433,-0.5467611446005236
1089,-0.7216816140569641,1.1172352761668802,0.2024648367805079
1090,-0.19772083687626507,-0.7044056236727184,-1.1083658298037842
1091,-0.8375382816967667,0.9185108143661966,-0.263440395338789
1092,-0.21215280931582525,-1.5324242145088998,-0.5593531779010451
1093,-0.12896852372669362,-0.20759446917100974,-0.43972886154609053
1094,-0.4659149913780919,-0.5056811618720349,-0.6537934276549566
1095,-0.12024920704445935,1.1503560198003273,-0.056528104144619104
1096,-0.3642898521161889,-1.8967523944768194,-0.6789774942559997
1097,-0.683597242341458,0.4879411471313825,-0.13752006233357364
1098,-0.45268568330849507,-1.1680960345409799,-0.6663854609554782
1099,0.13661985797354592,0.22297519806380448,-0.3012164952403536
1100,-0.21215280931582525,-1.6980279326761358,-1.5226437253909428
1101,-0.07605129144830627,-0.008870007370326258,-0.7734177440099113
1102,-0.352463652478216,-0.373198187338246,-0.5782412278518274
1103,-0.16103957359238294,-0.40631893097169325,-0.2697364119890498
1104,-0.8519702541363269,-0.04199075100377351,-0.9434101935669521
1105,0.17430334156573085,0.7529070961989605,1.8142450992472647
1106,-0.016018294980969103,0.6204241216651715,-0.01285893265841041
1107,1.276845902729631,1.1503560198003273,1.1811806250635444
1108,-0.2459276337056293,0.9516315579996439,0.0009923039721632817
1109,0.08470484600346137,1.084114532533433,1.2476036007237956
1110,-0.2522416216479369,0.7860278398324076,0.08913653707581405
1111,-0.003690985188844778,0.15673371079690998,0.3032011031846802
1112,-0.34244144939518806,-0.47256041823858774,-0.6424605976844873
1113,-0.1597366871915893,-0.6050433927723767,-0.5845372445020882
1114,-0.5128189018066625,-0.5719226491389294,-0.8048978272612152
1115,0.15716537429375313,1.1834767634337746,1.726100866143614
1116,-0.27729712935550666,1.0178730452665383,0.04002760720378005
1117,-0.0754499592633246,-0.14135298190411524,-0.6412013943544351
1118,0.33155170793843874,-0.4394396746051405,-0.5152810613492198
1119,-0.2963393152132597,-0.40631893097169325,-0.5946108711425054
1120,-0.2258832275395735,-1.6980279326761358,-0.787268980640485
1121,-0.04337890939763529,1.1172352761668802,0.4026781662588003
1122,-0.15943602109909846,-0.5056811618720349,-0.8678579937638228
1123,-0.11142966833139478,-0.8037678545730602,-0.7923057939606936
1124,-0.13949183696387293,0.686665608932066,-0.21433146546675502
1125,-0.008301198607037616,-0.5388019055054822,-0.8300818938622582
1126,-0.6847999067114214,1.1834767634337746,-0.08715192913148748
1127,0.4064175649686572,1.084114532533433,0.9831709014128432
1128,0.1282012073838025,1.084114532533433,0.42912143618989557
1129,-0.33241924631216013,0.289216685330699,-0.5152810613492198
1130,-0.2718851396906716,-1.4330619836085579,-0.5782412278518274
1131,0.019560525963779968,0.6535448652986187,-1.1008106098234713
1132,-0.061819763070406646,-3.022857678014026,-0.7986018106109544
1133,-0.06903574929018674,0.7860278398324076,0.7376262520526733
1134,-0.17476999181613118,0.8522693270993021,-0.15011209563409517
1135,-0.4346457177590448,-1.4993034708754525,-0.9937783267690382
1136,-0.09188637231949037,-0.7044056236727184,-0.7797137606601721
1137,-0.4184097487645396,-3.1884613961812622,-1.0945145931732105
1138,-0.06993774756765925,0.18985445443035723,0.18987280347998634
1139,-0.17897931711100287,-1.6980279326761358,-0.46491292814713364
1140,-0.3173859416876183,-0.6712848800392712,-0.5278730946497413
1141,-0.021330062614973895,0.15673371079690998,0.20876085343076867
1142,-0.0553053310664385,1.1503560198003273,3.0718114649703505
1143,-0.1520195908176578,-0.40631893097169325,-1.270803059380512
1144,0.16668646722262964,-1.0024923163737438,-1.270803059380512
1145,-0.4286323959092281,-1.4330619836085579,-0.4019527616445259
1146,0.06846887700895615,0.45482040349793523,-0.011599729328358257
1147,0.14864650167317942,-1.0024923163737438,-0.08085591248122671
1148,-0.4827522925575788,-1.4993034708754525,-0.8061570305912673
1149,-0.1520195908176578,-1.6980279326761358,-0.47750496144765514
1150,-0.22417945301545875,-0.7044056236727184,-0.7167535941575643
1151,0.7254242891014355,-0.40631893097169325,-0.39061993167405656
1152,0.3606160968792197,-0.5056811618720349,0.6180019356977187
1153,-0.46371010669982576,-1.3668204963416635,-0.7608257107093898
1154,0.31902395408465384,-0.20759446917100974,0.26290659662301125
1155,0.025172959690275595,0.15673371079690998,0.4668975360914602
1156,-0.11694188002706013,-0.20759446917100974,-0.01285893265841041
1157,-0.5528074921079439,1.1834767634337746,0.6180019356977187
1158,0.14183140357672044,1.1834767634337746,0.682573882462793
1159,-0.13999294711802432,0.09049222353001549,0.051360437174249436
1160,-0.8255116379971332,0.22297519806380448,-0.43972886154609053
1161,0.4270633033196947,-0.5719226491389294,0.5424497358945894
1162,-0.17968087132681484,-0.108232238270668,-0.6537934276549566
1163,0.2388463294204306,-0.07511149463722075,-0.9061503670307088
1164,0.5652694838346496,0.22297519806380448,0.16468873687894328
1165,-0.09779947213847683,1.2497182507006692,0.6579186812603719
1166,-0.004192095342996173,1.216597507067222,0.8112896468607242
1167,0.03359161028001904,0.9516315579996439,-0.09974396243200902
1168,0.3218301709479017,-1.2012167781744272,0.6809621022003263
1169,2.5299219542006104,0.7860278398324076,5.591855089403726
1170,-0.06382420368701222,0.18985445443035723,-0.1249280290330521
1171,-0.13999294711802432,-0.4394396746051405,-0.2256642954372244
1172,-0.6514259704449384,1.1503560198003273,-0.11359519906258271
1173,0.7529853475797622,-0.8368885982065074,0.24653695333233328
1174,0.605658962259252,-1.3005790090747689,0.7313302354024125
1175,0.01615297691555048,0.686665608932066,1.3105637672264032
1176,-0.3573745319888996,0.421699659864488,-0.7734177440099113
1177,-0.6581408465105671,-1.4993034708754525,-0.8300818938622582
1178,-0.2842124494827959,-1.6649071890426888,-0.32765976517144885
1179,-0.2186672413197934,-0.5719226491389294,-1.1071066264737321
1180,0.06546221608404779,0.6204241216651715,0.8698426017081494
1181,-0.4940773820414003,1.216597507067222,2.6642073470324683
1182,0.5117509193712805,0.819148583465855,7.102899085466311
1183,0.02838006467684453,-1.6980279326761358,-0.7671217273596506
1184,2.4670827408700253,-0.27383595643790426,0.07276689378513605
1185,-0.07805573206491186,-1.5655449581423468,-0.9572614301975257
1186,0.009838988973242898,-2.3604428053450808,-1.081922559872689
1187,0.1948488578859381,0.7529070961989605,1.0209470013144077
1188,-0.15853402282162596,1.0178730452665383,0.1772807701794648
1189,-0.3023526370630764,0.9185108143661966,0.10172857037633558
1190,2.1994899185531804,-0.34007744370479875,-0.16270412893461672
1191,-0.7889305967440814,0.9185108143661966,-0.08715192913148748
1192,-0.09188637231949037,-1.5324242145088998,-0.7041615608570428
1193,-0.6030187295539137,0.9185108143661966,-0.20048022883618133
1194,-0.11553877159543623,-0.07511149463722075,-0.2886244619398321
1195,-0.2493351827538588,1.1172352761668802,-0.06196786253044441
1196,0.35450255299857264,1.1503560198003273,0.48213389638509124
1197,-0.16705289544219967,-1.8305109072099248,-0.46491292814713364
1198,-0.14199738773462992,0.9847523016330911,-0.036783795929401335
1199,0.07197664808801593,-0.27383595643790426,-0.4145447949450475
1200,-0.1166412139345693,-0.04199075100377351,-0.8168602588967105
1201,-0.011708747655267105,0.8853900707327494,0.21379766675097728
1202,-0.45268568330849507,-1.5324242145088998,-0.8048978272612152
1203,-0.0768530676949485,0.9516315579996439,0.4039373695888525
1204,-0.037766475671139665,0.12361296716346273,-0.345288611792179
1205,0.41764243242164845,0.6204241216651715,1.1456081309895711
1206,-0.1620417939006857,-0.1744737255375625,-0.9308181602664305
1207,-0.13848961665557014,1.0509937888999856,0.2402409366820725
1208,-0.27599424295471303,-0.3069567000713515,-0.5152810613492198
1209,-0.03355715037626794,1.1503560198003273,1.3735239337290108
1210,0.07027287356390118,0.686665608932066,0.10172857037633558
1211,0.16207625380443683,0.554182634398277,-0.21307226213670286
1212,-0.11794410033536293,-1.0024923163737438,-0.8552659604633013
1213,-0.027142940403130082,-0.20759446917100974,-0.4523208948466121
1214,-0.03125204366717153,-0.3069567000713515,-0.5845372445020882
1215,-0.3430427815801697,-0.1744737255375625,-0.7041615608570428
1216,-0.15903513297577734,0.22297519806380448,-0.8678579937638228
1217,-0.1880995219165583,1.2497182507006692,0.6111518695822349
1218,-0.4286323959092281,-0.8037678545730602,-1.2645070427302512
1219,-0.8856448564953007,-0.008870007370326258,-1.1259946764245143
1220,-0.2722860278139927,-0.24071521280445698,-0.8300818938622582
1221,-0.2271861139403671,-0.108232238270668,-0.590833261152349
1222,-0.0020874326955603126,-0.7375263673061657,-0.47750496144765514
1223,0.016353420977211038,-0.6712848800392712,-0.5417243312803149
1224,0.4877978540028438,1.084114532533433,0.038768403873727895
1225,-0.0034905411271842195,-0.4394396746051405,-0.4523208948466121
1226,0.40902333777024447,1.1834767634337746,0.416529402889374
1227,-0.16484801076393354,-0.20759446917100974,-0.427136828245569
1228,-0.17517087993945227,1.216597507067222,2.3468125556595227
1229,-0.261261604422662,-0.373198187338246,-0.6789774942559997
1230,0.8391762940938022,0.18985445443035723,0.11432060367685712
1231,-0.2795020140337728,-0.3069567000713515,-0.6097213111031313
1232,-0.06763264085856283,-0.3069567000713515,-0.9962967334291425
1233,0.16468202660602407,-0.40631893097169325,-0.4900969947481767
1234,-0.19962505546204037,-1.9961146253771611,-0.6412013943544351
1235,0.26209784057305535,-1.8967523944768194,-0.5292959944127003
1236,-0.7906343712681961,1.0509937888999856,-0.06826387918070517
1237,0.1880337597894791,1.084114532533433,0.1772807701794648
1238,0.2560845187232386,1.1172352761668802,-0.48380097809791595
1239,-0.14831137567693747,1.1503560198003273,1.070055931186442
1240,-0.2364065407767528,1.0509937888999856,0.5537825658650588
1241,-0.06693108664275088,1.1834767634337746,0.8487887220296774
1242,0.010841209281545689,0.09049222353001549,-0.13752006233357364
1243,0.3381663619732372,1.1503560198003273,3.5771297613202804
1244,0.09202105425407174,-1.3999412399751108,0.6180019356977187
1245,0.15766648444790454,0.421699659864488,-0.036783795929401335
1246,-0.23971386779415202,1.1172352761668802,0.07024848712503173
1247,0.18151932778551097,0.15673371079690998,-0.13877926566362578
1248,-0.09188637231949037,-1.7973901635764777,-0.6474974110046959
1249,-0.33241924631216013,-0.7044056236727184,-0.7797137606601721
1250,0.064459995775745,-0.108232238270668,0.7942904019050202
1251,-0.7397215796064144,1.0509937888999856,-0.11548400405766095
1252,-0.06602908836527836,-0.108232238270668,-0.6412013943544351
1253,0.7040769965345861,0.09049222353001549,1.423892066931097
1254,-0.3593789726055052,1.0509937888999856,-0.19544341551597272
1255,-0.4286323959092281,-1.3336997527082162,-0.672681477605739
1256,0.37945783867531213,0.7529070961989605,1.5183323166850087
1257,-0.6471164231192365,-1.6317864454092414,-1.0202215967001333
1258,-0.093189258720284,1.1172352761668802,0.11432060367685712
1259,-0.0768530676949485,-0.07511149463722075,-0.37676869504348287
1260,1.4196622966627788,0.9185108143661966,0.0009923039721632817
1261,-0.09188637231949037,-0.5056811618720349,-0.6550526309850089
1262,0.07347997855047012,-0.47256041823858774,-0.24455234538800671
1263,0.3004828783810522,-1.7311486763095831,-0.005303712678097487
1264,-0.6471164231192365,0.8853900707327494,0.0009923039721632817
1265,-0.6796885831390772,0.9185108143661966,0.03750920054367574
1266,-0.03977091628774525,-2.029235369010608,-0.7419376607586075
1267,0.2703160471011382,1.216597507067222,2.487918880825167
1268,0.3591127664167655,-1.2012167781744272,2.519398964076471
1269,0.08290084944851635,-0.4394396746051405,-0.46491292814713364
1270,1.3107209491502654,0.25609594169725175,0.9957629347133647
1271,-0.13638495400813427,-0.108232238270668,0.06080446214964059
1272,0.3015853207201853,-0.20759446917100974,-0.5530571612507844
1273,0.09973815062800323,-0.40631893097169325,-0.04937582922992287
1274,-0.5166273389782131,-2.029235369010608,-0.5278730946497413
1275,0.08300107147934663,-0.7706471109396129,-0.5530571612507844
1276,0.24245432253032065,0.02425073626312099,-0.23825632873774594
1277,0.7370500446777479,-0.14135298190411524,0.21379766675097728
1278,-0.10461457023493581,1.0178730452665383,0.7061461688013694
1279,-0.3023526370630764,-1.6980279326761358,-1.4168706456665618
1280,-0.07104018990679231,1.0178730452665383,0.580225835796154
1281,-0.24733074213725323,0.6204241216651715,-0.011599729328358257
1282,-0.17206399698371364,0.18985445443035723,-0.3830647116937436
1283,-0.11193077848554618,-0.008870007370326258,-0.5278730946497413
1284,-0.08807793514793977,-1.7311486763095831,-0.15011209563409517
1285,-0.45268568330849507,-1.0687338036406382,-0.6097213111031313
1286,-0.07284418646173735,-0.27383595643790426,-0.47750496144765514
1287,2.604086257015017,-0.24071521280445698,0.11432060367685712
1288,-0.4863602856674688,0.9516315579996439,1.2224195341227524
1289,0.05493890284686848,1.1503560198003273,1.260195634024317
1290,0.36031543078672884,-0.24071521280445698,-0.005303712678097487
1291,-0.8856448564953007,0.02425073626312099,-0.7734177440099113
1292,-0.3925524648103276,-2.6254087544126588,-0.9245221436161697
1293,-0.037766475671139665,0.15673371079690998,-0.22692349876727655
1294,-0.23500343234512888,-0.5388019055054822,-0.8300818938622582
1295,-0.21215280931582525,-0.108232238270668,-0.5341691113000021
1296,-0.18208620006674153,-0.27383595643790426,-0.3264005618413967
1297,-0.6857019049888939,1.1172352761668802,-0.5152810613492198
1298,5.34886701536387,1.216597507067222,-0.263440395338789
1299,-0.3023526370630764,-0.40631893097169325,-0.33899259514191826
1300,0.024571627505293923,0.9185108143661966,0.555041769195111
1301,-0.3023526370630764,-0.9693715727402965,-0.0430798125796621
1302,-0.03977091628774525,0.7529070961989605,1.3735239337290108
1303,-0.1832888644367049,1.1172352761668802,0.6431860022987617
1304,-0.716971178607941,1.084114532533433,-0.6412013943544351
1305,0.26620694383709675,1.1503560198003273,1.8142450992472647
1306,-0.3569736438655785,1.1172352761668802,0.27172101993337633
1307,-0.2450256354281568,0.7529070961989605,-0.5404651279502628
1308,0.14864650167317942,-0.7706471109396129,-0.427136828245569
1309,-0.3371296817611833,0.6535448652986187,-0.021673355968775485
1310,0.6998676712397144,-0.40631893097169325,1.9401654322524802
1311,-0.17066088855208972,1.1172352761668802,0.27801703658363713
1312,-0.09469258918273818,0.6204241216651715,1.5246283333352693
1313,0.4266624151963736,0.9185108143661966,1.9170968272459246
1314,-0.23319943579018387,-0.5719226491389294,-0.7797137606601721
1315,0.055941123155171274,-0.07511149463722075,0.3271259664556711
1316,-0.029147381019735664,1.216597507067222,1.4426919726487757
1317,-0.630078677878089,1.1503560198003273,0.3523100330567142
1318,0.4273639694121855,0.9847523016330911,1.1846434342211878
1319,-0.030249823358868732,-0.5719226491389294,-0.8804500270643444
1320,-0.21215280931582525,-0.47256041823858774,-0.3075125118906144
1321,-0.38984646997791006,-0.7375263673061657,-1.3652433091344236
1322,-0.03315626225294683,0.686665608932066,0.11432060367685712
1323,-0.5198344439647821,-1.0356130600071909,-1.2393229761292082
1324,-0.053200668419002645,1.1503560198003273,-0.427136828245569
1325,-0.6896105641912748,-1.6317864454092414,-1.5856038918935504
1326,-0.6260697966448778,-1.3336997527082162,-1.2833950926810336
1327,-0.3925524648103276,0.3554581725975935,-0.6349053777041743
1328,-0.007699866422055941,-1.6980279326761358,0.9453948015112786
1329,-0.14360094022791436,0.8853900707327494,-0.05567184588018364
1330,-0.051797559987378734,1.1503560198003273,0.580225835796154
1331,0.026375624060238946,0.15673371079690998,-0.6097213111031313
1332,-0.16434690060978213,-1.1018545472740855,-1.0189623933700813
1333,-0.33241924631216013,-1.1018545472740855,-0.697865544206782
1334,-0.8166920992840686,-0.04199075100377351,-0.7041615608570428
1335,-0.08687527077797641,0.18985445443035723,-0.16396333226466886
1336,-0.12736497123340915,0.05737147989656824,-0.5782412278518274
1337,-0.6413035453310802,-1.0024923163737438,-1.6170839751448542
1338,0.2939684463770841,1.0178730452665383,0.2402409366820725
1339,-0.09589525355270152,0.02425073626312099,-0.6600894443052174
1340,-0.22277634458383483,-0.008870007370326258,-0.729345627458086
1341,0.31852284393050245,1.0509937888999856,-0.3264005618413967
1342,-0.11443632925630316,1.0178730452665383,0.5991138857469364
1343,-0.29653975927492027,-1.4330619836085579,-0.04937582922992287
1344,0.05874734001841909,1.1503560198003273,-0.31588621403546124
1345,-0.45268568330849507,-1.6980279326761358,-0.9119301103156482
1346,1.02869615439386,-0.108232238270668,1.0272430179646685
1347,0.47998053559808207,1.1503560198003273,1.2912098120435016
1348,0.5691781430370304,0.8853900707327494,0.42912143618989557
1349,-0.5278522064312043,-3.287823627081604,-0.7419376607586075
1350,0.11286723666676979,-0.07511149463722075,0.2402409366820725
1351,-0.12726474920257888,-0.3069567000713515,-0.1249280290330521
1352,-0.45268568330849507,-1.1349752909075328,-0.5795004311818797
1353,0.4212504255315385,0.7860278398324076,2.8845679297915954
1354,-0.020127398245010548,0.9516315579996439,0.6809621022003263
1355,-0.03255493006796515,-0.108232238270668,-0.13752006233357364
1356,-0.10421368211161469,-0.1744737255375625,-0.8930420603648659
1357,0.2024657322290393,-0.008870007370326258,-0.39061993167405656
1358,-0.8418478290224687,0.9516315579996439,-0.0430798125796621
1359,0.6233982617162114,1.084114532533433,1.6883247662420493
1360,-0.06763264085856283,-1.6649071890426888,0.10172857037633558
1361,0.5653697058654799,1.1172352761668802,0.9957629347133647
1362,0.20006040348911258,-1.6980279326761358,-0.9572614301975257
1363,-0.20223082826362762,1.1503560198003273,-0.30207275350478907
1364,-0.735311810249882,1.1172352761668802,-0.46299893908545436
1365,-0.3023526370630764,0.9516315579996439,0.4417134694904171
1366,-0.13407984729903785,0.9185108143661966,0.15209670357842173
1367,-0.7869261561274757,0.18985445443035723,-0.6789774942559997
1368,-0.6095331615578818,1.0509937888999856,-0.46491292814713364
1369,0.01184342958984848,1.0509937888999856,0.6431860022987617
1370,-0.5128189018066625,-1.6980279326761358,-0.9560022268674736
1371,-0.09188637231949037,-0.5388019055054822,-0.19418421218592055
1372,-0.0768530676949485,0.8853900707327494,1.1758290109108227
1373,0.08851328317501198,0.9847523016330911,3.5960178112710626
1374,0.010841209281545689,1.1172352761668802,0.8698426017081494
1375,0.04752247256542783,1.1834767634337746,0.7313302354024125
1376,-0.42342085030605353,-1.3668204963416635,-1.1322906930747751
1377,0.048224026781239784,-1.0024923163737438,-0.8048978272612152
1378,-0.8582842420786345,0.05737147989656824,-1.2330269594789474
1379,-0.0783563981574027,1.1503560198003273,-0.16900014558487747
1380,-0.23099455111191772,-1.8967523944768194,-1.541531775341725
1381,0.24135188019118756,-0.04199075100377351,0.7124421854516302
1382,-0.33241924631216013,-1.6980279326761358,-0.3012164952403536
1383,1.485508170918272,-1.7642694199430304,-0.8678579937638228
1384,-0.14600626896784108,-1.0687338036406382,-0.9560022268674736
1385,-0.5092109086967724,-1.6317864454092414,-0.697865544206782
1386,0.6188882703288489,0.22297519806380448,0.8698426017081494
1387,-0.20012616561619176,-1.8305109072099248,-0.5656491945513059
1388,0.43848861483434654,1.1503560198003273,2.4753268475246455
1389,-0.45268568330849507,-1.0024923163737438,-0.6286093610539136
1390,-0.14199738773462992,0.9516315579996439,0.6809621022003263
1391,-0.15763202454415345,-0.14135298190411524,-0.7167535941575643
1392,-0.2684775906424421,-0.14135298190411524,-0.729345627458086
1393,0.02838006467684453,-2.1948390871778445,-0.2256642954372244
1394,-0.6486197535816907,1.1503560198003273,0.8267526637537647
1395,0.215294152175315,1.1172352761668802,1.262877737117328
1396,4.678682295201794,-0.7706471109396129,-0.263440395338789
1397,-0.44065903960886155,-1.6980279326761358,-0.5467611446005236
1398,-0.33241924631216013,-0.7044056236727184,-0.5404651279502628
1399,-0.4355477160365173,-1.5324242145088998,-0.5473907462655497
1400,-0.45268568330849507,-1.3999412399751108,-0.7671217273596506
1401,-0.3108715096836501,1.084114532533433,0.15209670357842173
1402,-0.3763164958158224,1.1503560198003273,0.16316510084958016
1403,0.4749694340565681,1.1834767634337746,1.2843975220279193
1404,-0.010706527346964314,-1.8636316508433721,-0.9560022268674736
1405,-0.6689648258402373,1.084114532533433,1.1846434342211878
1406,-0.2076428179284627,0.02425073626312099,-0.6034252944528705
1407,-0.1740684376003192,0.45482040349793523,-0.8678579937638228
1408,-0.2782993496638094,-2.029235369010608,-0.697865544206782
1409,1.004943533087084,0.4879411471313825,0.42912143618989557
1410,0.19073975462189663,0.9847523016330911,0.6180019356977187
1411,-0.09188637231949037,-0.7044056236727184,-0.5152810613492198
1412,-0.33241924631216013,-0.7375263673061657,-1.1448827263752968
1413,0.047823138657918665,1.1172352761668802,0.9579868348118001
1414,0.2541803001374633,-1.5986657017757941,0.32838516978572324
1415,-0.689710786222105,1.1834767634337746,-0.06322706586049656
1416,0.08249996132519523,-2.8572539598467896,-0.7356416441083466
1417,0.6041556317967979,0.8853900707327494,2.003125598755088
1418,-0.13157429652828087,-0.27383595643790426,-0.7167535941575643
1419,0.587719218740632,-0.07511149463722075,0.5298577025940678
1420,0.1185798924240957,-0.108232238270668,-0.01285893265841041
1421,-0.6488201976433512,0.18985445443035723,-0.672681477605739
1422,-0.6095331615578818,1.0509937888999856,-0.5593531779010451
1423,0.9193539187580255,-0.1744737255375625,1.1842656732221721
1424,-0.10160790931002743,-0.4394396746051405,-0.46491292814713364
1425,0.02046252424125248,-0.40631893097169325,-0.4900969947481767
1426,0.042812037116404716,0.7529070961989605,1.1342753010191018
1427,0.041408928684780806,-0.8700093418399547,-0.5152810613492198
1428,-0.33241924631216013,-1.0356130600071909,-0.7797137606601721
1429,0.2033677305065118,0.32233742896414624,0.024917167243154202
1430,1.1438512678178507,1.1172352761668802,0.1412675549399732
1431,-0.5601237003585542,0.15673371079690998,-0.468060936472264
1432,0.02838006467684453,-1.4661827272420052,-1.4659795755385958
1433,-0.025639609940675896,0.9516315579996439,0.07024848712503173
1434,0.6898454681566865,0.18985445443035723,-0.263440395338789
1435,-0.21215280931582525,-0.3069567000713515,-0.08715192913148748
1436,-0.1520195908176578,-0.008870007370326258,-0.7608257107093898
1437,0.19314508336182334,1.216597507067222,2.6908646815296726
1438,-0.31167328593029237,-0.47256041823858774,-0.39313833833416084
1439,0.10695413684778332,0.25609594169725175,0.2024648367805079
1440,0.10114125905962713,-1.6317864454092414,0.12691263697737865
1441,-0.6104351598353543,1.084114532533433,-0.39817515165436945
1442,0.048725136935391176,1.216597507067222,1.6253645997394417
1443,-0.16665200731887855,-1.8305109072099248,-0.754529694059129
1444,-0.20213060623279736,1.084114532533433,-0.01663654264856687
1445,-0.21215280931582525,-0.1744737255375625,-0.6537934276549566
1446,1.5659864616749861,-0.3069567000713515,-0.28988366526988424
1447,-0.051797559987378734,0.7860278398324076,0.743922268702934
1448,0.1252947684897244,-2.029235369010608,-0.8678579937638228
1449,-0.9003774950273516,-0.04199075100377351,-1.1196986597742535
1450,-0.1520195908176578,0.09049222353001549,-0.5656491945513059
1451,-0.1257614187401247,1.216597507067222,1.3368811168244932
1452,-0.6857019049888939,1.1172352761668802,-0.4523208948466121
1453,0.6715048365147454,1.1503560198003273,-1.2141389095281652
1454,-0.3023526370630764,1.084114532533433,0.051360437174249436
1455,-0.2605600502068501,0.9185108143661966,-0.07455989583096595
1456,0.26640738789875734,0.22297519806380448,0.3661612696872879
1457,-0.1478102655227861,-1.0024923163737438,1.0776111511667548
1458,-0.08016039471234772,-0.7044056236727184,-0.4885229905856115
1459,-0.05811154792968632,-0.20759446917100974,-0.42084081159530823
